Production Rate,Permeability,Well Depth,Porosity,Temperature,Pressure
-1.5199295539485536,1.1022257995217017,0.5223883616821077,0.4955790344795748,-0.46615428124837727,0.8092756479952808
1.5565848842552972,-1.318744866582982,1.1418449589954782,-1.2596508738854293,0.3275105604975031,0.7857990418764205
0.4122160727310939,-1.5026686169118446,0.057228587197720095,-1.6073948053851217,1.345847180719011,-0.21715303646977244
-1.5804373123124658,-0.3286796291872835,-0.698175302266599,-0.008872932315835958,0.6452141437374095,-0.43262548817415114
1.4541166489071253,-1.2974821181902545,1.6895029066693663,1.5442148031842464,-0.4072402766152408,1.5729919423961065
0.607214021357463,-0.7973347456317669,-0.7950892583718542,-0.9099071189805681,0.8759635951857764,-1.0146800656094919
1.1816995691309224,1.0647367261039222,1.6407983502397536,0.0025168203327380835,-0.36760128502847067,1.254443677442615
0.9361555681490341,-0.3954599346491368,-0.27459075670336425,0.6311178399599514,0.9269249583423397,-0.6087257249115702
-0.4688644681582761,0.5519566393718616,-0.03469619995493102,-0.9748456555004221,0.40466046249616394,-0.11978238182161521
0.16143993537863033,0.4687206720821139,-0.6220922770096057,-0.9824324815139184,0.17598848019222763,-0.7446092956686957
0.17959280844635866,0.7894878318860756,0.9770888522539432,-0.778683726018163,-1.3648707715181765,1.0840441441079343
-0.816717117370427,-0.5451515082306444,0.1321315682606,1.5030468897950142,-1.254171842021963,0.6972564642059942
-1.6020590829911552,-1.4176870707389486,1.3751973653792497,-1.6225312922942874,-0.8268933702552292,1.947596868900381
-0.4907795974038026,1.5801449392039084,-1.4009159088689358,-0.028786667282149847,-1.1390894312228779,-1.1362519632728443
-1.242079145056729,1.4721783989956017,-0.2956721938791314,-0.9985353787584796,-1.1366055372308923,0.048683744495261735
0.9164300333509273,0.7265502666522315,-1.5243961774106034,0.8796284328983094,-1.2625321119855877,-1.3972244855362594
-1.3304305240122989,1.6611918243480015,0.36260222103590845,0.21227780578325525,1.170200878800639,0.16453145138810174
1.2423416584741334,0.3753992505193521,-1.3336808593177885,0.49256438707127853,1.657732890366331,-1.935574669260666
-0.5083686521441708,-0.47621819745583976,-0.9509569236795685,-0.6352689604031216,-1.0057364326876619,-0.5163569730180596
-0.8069279237815509,0.38545815524593957,-1.6688649316134994,-0.7290444397051516,1.1377262204163514,-1.7306089946242575
1.663048173355551,1.2462235665677517,-0.36275466276941154,-0.4884108118008114,-1.4439028005470254,-0.5205773214784267
-0.4501027553632412,-1.2885292463437215,1.515576285644813,-0.8511254832862072,-0.2217542025293913,1.7011163009149044
-0.7808196436179345,1.4849210854336976,-1.6425644408781315,1.4453428765685374,-0.16527516626354494,-1.4744057628945106
-1.0459289131245668,-1.663270912361137,-1.4479815716492968,-0.7895997646633857,-1.020617833012594,-0.7319321713460861
-0.6750504287895862,0.3731226593119229,0.12628291531951005,-1.201129802726875,-1.2102637331844261,0.4653404838330292
0.8278925581457222,1.2529921142585658,1.3900474712706061,-0.8378224089017863,0.9281014870223784,0.7461585455738938
0.43792984957605735,1.5611001826224158,-1.424302791091712,1.3071032618271967,-0.32718327944940684,-1.5037280905377208
0.04410990042697227,1.2327405611516298,0.460161987936589,-0.9619912599694832,1.0126755241461634,0.01639538908097015
-0.2357330952242548,0.8173996800587776,0.06919951982855897,1.2356980666691608,1.5068179697457067,-0.2946229041437844
1.230827393192399,-1.1158189221654662,0.8194381685530037,-0.816885636998429,-0.23583353735331003,0.6714723869073823
-0.3142279667889673,0.8070338995627097,1.5121390794215142,-0.0574613369923621,0.32754137667490557,1.3188223550143852
-0.44276208071249845,0.8367163169245436,-1.275917118697174,0.007544482706594112,-1.4848774085601406,-0.8602541586740892
0.7037612631454399,-1.324487286675593,1.28966500560892,0.2871776339046235,-0.07801917855775248,1.246425441075294
1.572869254645173,-1.4083599901700181,0.47523793026631617,-0.4152590175818624,-0.6331653544625893,0.41267519332390873
1.5706942360798264,-1.3232620237070407,1.6163615032047542,-1.3585035708298911,1.738872413130935,0.8994748204045722
-1.0950068615490087,0.3056136954193752,0.21658618248166023,-0.25158782599064927,-0.779516890355402,0.5752152439563596
0.042400378434828336,-0.948702678913184,-1.5635725465199752,0.4099153092230823,0.2175326180361698,-1.4091865937292487
-0.3457669945615648,-0.4218010083100048,1.6388038161968614,0.3243534877905823,0.8878030178656888,1.4697213353101535
1.4047047450498196,-0.551746927138447,0.5793799892772855,1.6149688352485918,0.020419788682971108,0.35326109486261176
-1.281490127486406,1.6754907130010406,0.6339618427231917,-1.0316183289362826,0.5227372420253341,0.5223572673980206
0.3712506055506407,0.7711432689198593,-0.8703423105240528,0.46970805189640724,-1.1867637653101955,-0.6998052518847748
0.3978629621997649,-0.06291562146059679,0.8174693064533369,0.6515393740722887,-1.3467243638494004,1.024360777138053
-1.5241479768821649,-1.0657283602134828,0.42745082609943547,1.2648065371951336,0.1968362454173568,0.8430390724201219
1.480327982064421,-1.6946392783739797,-1.0749297578107606,0.270998135909649,0.49116773454450835,-1.2354203760488025
0.08919374940410796,0.7090362950943165,-1.4295069121949322,-0.4115362105670274,-0.06023181878384947,-1.4464027091108878
-1.4153733509629505,-1.209138645949908,1.6560000595536595,0.42925904217767197,0.2887532307899124,1.9481959716031776
-1.189298868586101,-0.17900553397425223,0.3460488004858279,0.31631422092090633,0.6399090268202926,0.4607062517175248
-1.4254259057125813,0.5911099637335828,-0.17611465038863275,-1.3426734008962078,-0.7611026272546613,0.20634260075666472
-0.6139712319180346,1.4987983795402466,0.12493105363319784,0.7360483458221166,-0.9606683420475546,0.31737813038367213
-0.08444956696215139,-1.4352328681383122,1.6147346810287075,-0.35812944830277565,1.3179347271279258,1.390398935105424
-0.5457647268330907,-0.30624358763217174,-0.13242868304836655,-1.0048764414031417,0.4577613577409401,-0.10811322513652222
0.7001576684968523,-1.1919759395916505,1.0243312644970743,-0.9752154490064674,0.2771790801450727,0.8626160026591161
1.5652070935555777,0.03900345856158888,1.6948871523079454,1.7118907544291702,-0.5719167423799446,1.4409407999313366
0.6090202331444987,0.16459055248426885,-1.2074900136652322,0.8420629674915447,-0.3742958440651354,-1.1748875612476506
0.8925421856428851,0.3770930791430121,0.49364004291377744,-0.8429182103379452,-1.13099454083806,0.4689746949083289
-0.7203046376416017,-0.985480107277459,-0.6644194778364607,0.3259641103100788,-0.04474666984682592,-0.33706030825538563
-1.1638693090375731,1.4381996618032518,0.758276683334076,-0.9763778222674537,-1.6449107474430276,1.1474140430538822
-0.6705364947229977,1.2983618372816104,0.8243264787564125,0.8311474701333469,-0.5800019265418296,0.9259558636046206
1.3846156837028851,0.3854628893378511,1.0820741921135621,1.0229682616530582,0.3604324855499195,0.6250294635738961
-1.1447672670959146,0.5196689035117089,0.8845681282283759,1.1959491406849538,-0.7881316891390518,1.2338701444687794
1.1107119115212074,0.40020896302066916,-0.09842705967751542,1.668265759407406,-1.487793548963779,0.01790192952468487
-0.3951692769441436,-1.571015464637991,-1.0363640211662255,0.7500158894974318,-0.34222469429948793,-0.606608755274132
-0.21478566058348053,-1.0977089218870708,0.45495207847364977,-1.3566868763282032,-1.4389773447280698,0.8978216213057643
0.7081006122918349,-0.3921458483542924,0.30734106025576297,-0.056295611658610384,0.5376566320596654,0.05805256718940901
0.3271297538929533,-0.2920671126361403,-1.500580488628829,-0.3756862654384354,0.4588797984030057,-1.5662957924010792
1.2723979198992494,-1.2850421089788056,-0.7569288946322793,0.5859510490689667,0.35707608655819106,-0.8993225252857955
0.7068508587120151,-1.4921071231153475,1.6479332662612904,-1.110024585519682,-1.2963058375664418,1.8453602441600054
-1.2743248885742458,-1.1761710996409125,1.1014970745762616,-0.4261550948251382,-1.5072005339716439,1.784476110905984
1.3868575686155924,-0.5459653714053031,0.6933954576742759,-1.1815300542749414,-0.635028077353703,0.5349292440713469
0.7071465575908958,-0.3969808078332002,1.2224488057863903,-0.2026527642942141,-1.475406578826551,1.3841780457289328
-0.11849601567449516,-0.9227150497527821,-0.7456133579159668,-1.417200097787156,-0.8125919423373301,-0.42123426487085897
1.377789354632527,-0.826647557913673,-1.441996832406026,-0.8451269913171013,-1.223804877192402,-1.2949335763805228
-0.9670505251949143,0.1616511465382481,-1.289162714537078,-0.20630051851261,-1.7025298566819669,-0.6376076863627651
-0.6705942617689042,0.9913582262434668,-1.4062234459283944,0.147126236212126,-0.4055796817203977,-1.199285415963813
1.205044198085853,-1.3888208879079178,-0.49458156913398094,-1.3598822897481433,0.3587440456517622,-0.6825596606395583
0.7459676255872396,-0.06023871703589708,-0.05106045013259825,-1.5315008796361076,-1.5259016544178614,0.11017736423630421
0.8072129562673447,1.597266317007821,-0.144727310032199,1.5741294246711575,-1.634009113882576,-0.07007585905033897
-1.375226176491013,-0.5205418473954654,-0.6361466292410464,-0.7394269082141133,-0.4321158412537893,-0.1663239968091958
0.4556354700372328,-1.4299442663297974,-1.5048459969062935,1.3711338363183145,-0.909672032341091,-1.0957320783483646
-0.4950852345190473,0.4457693969413222,1.0007170574156314,1.1740200716683804,-0.7072477878374379,1.1941236817080652
-1.2376289463431347,-0.3516546164235396,0.6202878387423963,0.9501506925872287,-1.2676332805960764,1.2110946146529373
0.2564344943315813,-1.4892732730512699,0.4128249227345743,-1.3518957924779051,1.0083358392567516,0.23520398256368094
-1.0724494884499105,-1.100834297464861,-0.9048863184791388,0.23224833088432573,-0.5677437106152425,-0.35623769915863035
-1.5745550347232693,-0.37697784830569364,0.37302441874322384,-1.478635431786147,0.16107068745989725,0.6505418965763909
0.6905639799970847,-0.1904861123718343,1.0412084026867114,0.6400310422390721,0.3191246989809039,0.8003298862909792
1.6259745673948351,0.6438005127958543,1.623896432680588,-1.4368475658718403,1.7498700586050941,0.6595042336563653
0.2918499187605197,0.29219259077739684,-1.2400442743406728,0.5906689219987685,-1.07883872703081,-0.996550622324823
-1.3930411519002863,0.6034394364570262,-0.5505744529645462,-1.526219864598454,0.82592497263753,-0.5287308066985082
-0.3327456778709569,-0.7971480072179528,0.33026588383956346,-0.4753120009402262,0.512303335995119,0.3425143732943175
0.37761509830094336,-1.4327197840375845,1.1189960138179007,-1.629731828219613,-0.34553037710731865,1.174368431953292
-1.2102106316723922,-0.22879552977162304,0.03940654845367406,0.5983795710417303,0.45036671320406446,0.23440049087048365
1.5132704112796078,0.7166942430525052,-1.477733469099146,0.14638520816489584,-1.150530237887619,-1.5265304097454526
0.15699036175663963,-0.09531252222955235,0.9022239745592674,1.0905170490775105,0.06838096702684787,0.843243081339433
1.6161990617035822,1.6860364260603966,0.4070327786684318,-1.0861648779651183,0.6326191627123728,-0.336886382416997
-0.10960486689535645,0.39702706753328015,-0.7137502468378059,0.7053838001380085,0.9404201204505881,-0.8934506941485091
-0.9132489711713495,1.245485069681488,-0.09245102922157634,1.2117925677636103,1.5877955036632287,-0.3722369634038949
-0.7464238115920672,1.020298096929934,-1.153360343878373,0.19585914046261604,-0.4969379016693072,-0.9257257835238886
-0.4772113464218908,0.45233848437754653,-0.6486069347565527,1.3063151420718868,-1.0990948799306641,-0.26900071830994055
1.2874344138359894,1.1716680546196998,0.9441570337808383,-1.6700710667333045,-0.29877833794027164,0.4987496376999614
-0.8500298419456784,0.8413099898720541,-0.9036336274592167,0.5550880450456305,-1.678633005998843,-0.3625137360190367
0.396991616901422,-1.3701384322041534,0.9076903449168784,1.1128094034856861,0.08362391584466458,0.9437420127419062
-1.388462256622766,1.5850184160539416,0.17659438706617728,-0.5184976796446192,1.3262868465275994,-0.046839807746246964
-0.1223169794609803,0.12830882788252643,1.5201120653378626,-0.74512120261834,0.20709239878100225,1.3730146493584712
-1.3666520523214645,-1.5937489747347038,0.8736065704546921,0.9496466375568663,0.367166730577032,1.2428572914707752
0.7869413139228731,-0.8640714716141709,-0.19572614848013203,0.5820071287360689,-0.8823497202091988,-0.02883209230457598
0.366985470900135,-0.24995548107859744,1.4818465632186506,-0.8959865249907601,1.2241902116311556,1.036396236241305
-1.521463061161262,1.6017320620072582,-1.3352137846589787,1.397031494172697,-0.39472165935157305,-0.9889596849539296
-1.1753196867369626,-1.655158514477962,1.6403721521108623,-1.030950195713886,-0.29100954883321967,2.0269446682812573
-1.0910507082931054,0.5802234258877961,0.7122016360072382,-0.6396408188857502,-0.017640436077260166,0.8207302472741814
-0.18076442386429775,-1.4089737395763349,-0.7620628674120887,0.6175649388318325,-0.9539107659147642,-0.27463381672306286
1.3922740740155095,0.7441402292756488,-1.2375011960300641,-0.002621253902105961,-0.2324610438234622,-1.4953325276641805
1.10497985255464,-0.6701379435063367,0.6003382780579413,-0.7403858229227258,-0.7859575694567746,0.5697299361996958
1.6773653685679841,-0.3975818846892689,1.329483771835647,1.2148075954543698,-0.6653019354707072,1.1313235589334278
1.0946145994668388,-0.9963545215351931,-0.8151442307049217,-0.743542150359354,-1.0409053024462778,-0.6638807785795933
-0.39041226461863066,1.4983950056875928,-1.5308572167509416,0.35894738649377905,-0.5578349999279154,-1.3942336096002963
1.4250352439759328,0.21774969971197636,-0.5339528311861209,-0.40947805528838493,1.081606116316311,-1.095100613848613
1.3760343592309474,1.6331810672961837,-0.7061878300043162,-1.344630193718464,-0.09740842125912924,-1.1659233578349875
0.5768565818871224,-0.23421793207023472,0.37919729087486304,1.457898392183528,-0.2789452330673395,0.3688301163348654
-0.9884858762679343,1.0510512613405478,-0.8804706167304747,-1.1440145332397464,0.8657687828214626,-0.9762220634917556
0.5537998226138641,-1.175828861183254,-1.667301602265913,-1.0865237253981106,0.1752543971426354,-1.6227816491699751
-1.2821873435060418,1.5167037839376432,0.9279862435229497,1.58675556732102,-0.9343013231202119,1.2325141721955746
-1.502708700878207,1.1764141841717795,-0.028201260018081136,1.0372483384988729,0.8191884141128456,-0.00457497289804059
0.17253450960818417,-1.5581432677923086,0.035321796235321355,0.23986443618425127,0.9105643408908174,-0.02551972375621596
-1.5533799042732397,-1.4050663258224136,-0.029572575919079358,1.0554353754944872,0.5289063056869727,0.37534790953271635
0.7945306913302691,-0.2376841767438501,-1.1587695289975384,0.2662170734700019,-0.6498358577857458,-1.074066883236691
1.4406959848155738,0.25049349990759234,1.2100563323632847,1.6867966155425669,0.8389643577839482,0.6575173871494455
-1.0858362231788679,1.2369899560977733,-1.4533006021468138,0.49596028885855714,1.1385434262404044,-1.5325963818036838
1.4072389076680518,-0.4812832480530169,1.6472777078961425,0.3578367075932871,0.8656960877751972,1.1174165041833517
0.3609087082520734,-1.5260304659378279,0.0535396161365394,0.7881195306819979,-0.1258490464219582,0.20445380250921424
-0.5227601114683047,-0.982161376600202,0.0860289724200112,0.18816015000058597,0.48699892033947434,0.1997510594572062
-1.2186730533130128,-0.0029976409467561754,-1.6709463033438072,1.24930715798015,0.35323641485898616,-1.3597079094651006
-1.4103167902631457,1.3278809598231784,1.2797931577392079,0.5809559059308685,1.558517800778899,1.0049348172386512
-1.4512773111684134,-0.6976425597177978,0.9567739114798361,1.5544459028151845,-1.0111513333041622,1.5719971548411655
-0.8144751032567663,-0.19396534461028236,-0.394993239704936,0.47828101934239503,0.05743637999037502,-0.1753006103495372
-0.39630102547675783,-1.1021785715624413,-0.8284893755872252,0.6367398383952468,0.27171139651418597,-0.6114339107029546
-0.27844535420711386,0.0663782565661808,-0.7836544373809459,-0.022300567089505296,0.795212344910541,-0.8719633015771484
-0.5750264930023276,0.45818136512774654,-1.3155269562941534,0.8685012980710767,1.0149724365092905,-1.3808640285127693
0.6209659984431014,0.14795466506049393,-0.32651732934043537,-0.020384609548878233,0.5416520463089051,-0.583558146161155
0.526532854579552,-0.003987800389024323,1.3429046338128012,-1.1648923613091415,-1.0375021939395481,1.3604001643737802
1.734230981512419,0.7161028459332638,-0.7152004000618295,-0.5731565768331003,-0.8624945462046011,-0.9431199771552816
0.2178069706373487,0.8740738988021741,0.9916539988753321,0.15910828475156327,-0.47544471379961056,0.9002741605922301
-0.5829179756785826,0.5368620833220644,0.6013686091469699,0.9003401715896115,1.7281405624373318,0.2522676988490202
0.07478479055713351,0.42732027905470044,-1.1273383708375022,-1.1555346031178175,-0.17442486381578043,-1.1207801408254074
-0.2162693684764613,0.15011471274903992,0.569700009568582,0.4063498389509002,0.6357762198797725,0.42912498852729525
-0.5118407131099957,-0.5821529199371283,1.3344332116477757,1.4338798388967218,1.5762761375305148,1.1094375671337093
1.0319572365936873,-0.6535363020640955,-1.1784744357831336,0.9568084679235526,-1.3802838142627223,-0.9047308056251487
0.211137436595003,1.0689204665807548,1.0526648672960879,0.31543662780677345,-1.1871691115210483,1.10622185927736
0.31776639029645654,-1.6151892687136156,-0.29546086689965767,-0.8353730343705968,-0.6503244413731561,-0.029862563851990362
-1.2694294737846104,1.4919492410988973,0.940375288403174,-0.14011298463487795,0.8373700254676866,0.7826520151208041
0.2954195381047544,-1.4722417737203066,-1.5832626334833242,-0.2522481316953543,1.1082613177471596,-1.6464368729861785
-1.290391487395004,-0.5654807966379284,-0.997358360836816,-0.702602992986803,0.6223327056715375,-0.7632521531983518
0.07221396207840793,-0.09077529253694852,1.5424470568030444,1.2074293977374526,0.37570281303569897,1.3957555200502254
-0.9769890410350619,0.7740414976461472,1.2855088000640629,1.1667576823798753,-1.4425281876397082,1.697152790470607
1.7008399115792263,-0.7525526725323687,-0.5926801341738387,0.6483457036862115,1.2306352462492425,-1.0994101641939538
-1.5511024872503427,-1.281662544964055,-0.7631687246226598,1.351425614661473,-1.447064914617169,0.13713394699144132
-0.9183451102317493,-0.03815034441207036,-1.6858850790674844,1.1615621768339806,-0.9635375621088035,-1.1302391916871428
-1.502013577603316,-1.627944925914362,1.0332191875538617,-0.19872043731494732,-1.4424075147226103,1.8131373140866465
-1.4818861295631531,1.6422635246020028,-0.7336998533541851,1.2109283968503781,-0.6235174942001613,-0.3878402372713679
0.2195185565104157,-1.1125024118326663,1.0972837538137017,1.0917804141122611,-1.6466492241005728,1.5313158785314256
-0.7035007186254791,-0.8217571004995075,-0.10752057902791559,-0.7736147318607688,1.4800899855881526,-0.22147188463718046
0.014259849521051833,-1.228151910747507,-0.15104428163971692,-1.5765435188071029,0.8182014977270454,-0.23723583084975353
-0.1065812635291849,-0.9418801047488607,-1.3061872655684812,-0.025124090679129685,1.5364144549434486,-1.454876181850948
-0.5721185735819379,-1.4754173924630303,1.3349874349184978,0.4414538072050078,-1.6669609990115728,1.9521782376466112
0.9825306614284457,-0.03370228183014466,-0.79908778873365,-0.1243624750971543,-0.2584687001300214,-0.9014968369221148
-1.3697902729810167,-1.1856353543080753,-0.10711005705453734,-1.516343422364502,0.39429077811737634,0.1941784226092548
0.349866693563355,-0.6434543600729232,-0.8463038604124988,0.6324658297875048,0.8506247598824632,-0.9755047689334003
-0.31839741984258196,1.5351034323960722,-0.14711399509284084,0.8473141071763841,1.1328981417519144,-0.4892332535519408
0.4892095248067533,0.3900039221575313,0.19975610153918644,-0.5714501661273856,0.8237581472804621,-0.1697103424462604
0.8916643643221078,1.5847068153947488,0.6993458862662272,-1.5763992738577945,-1.3817367371435916,0.5583980466976696
-0.9601347771955889,1.2133547686871733,-1.069817370197601,0.4275273985007848,0.9806838744957965,-1.1607229575977507
0.34465549069777723,-0.7532404409608132,-0.6102723627306817,-0.28184076751808484,-1.3864908694932474,-0.2459907011488826
1.7113652123154006,-1.374289312966178,1.048948634817902,1.377633988061981,-0.25085975535912036,0.8827265575773772
1.617140002438059,1.087726232067257,1.0899358814975226,-0.4164964160970858,-0.5280505250031503,0.6652978641109537
-0.9033173837979777,-0.8464954789462898,1.2161668860008095,-1.152145865319857,0.13174348456119792,1.372991974731132
-1.4800886368661763,0.6343544478547073,-0.1812759342842677,1.4517818303606753,-0.46406048516722737,0.22010923298798
1.4018160150987757,-0.0879085838902494,0.9600291209618486,-0.9706009813945629,-1.5358431970562612,0.9446152065146723
1.6406175570529955,0.9957286598870112,-1.2996470005163816,-0.0065634397144723085,0.34770476676017364,-1.7711412136733427
1.1137486744482172,-1.6748975127538825,1.292210354220607,-0.7657824629211778,0.38038904657150385,1.065507637152732
0.342607481863099,-0.6896674949283582,-0.9361861658681937,-1.5753861864885437,1.3617684719417635,-1.2360043383451642
1.4746514471623846,-1.6643818753803348,-1.1692677507922016,0.4316289767551814,0.06165747952771589,-1.222159710922103
0.5315766791263553,1.579133619264301,-1.457468353499482,0.43976661122850247,0.7255892465801326,-1.826778603258719
-1.5526821283664682,1.272455466057242,1.098793466885042,-0.4257999087930343,0.5430795815254063,1.0779898121168332
0.053536279611036124,0.017821355263173626,0.2310753645388367,0.36484640406617325,-1.5135300912815433,0.5663770465195685
-1.0103506824993758,0.4953008386430021,0.5693030934333492,-0.34693048447787345,-1.6505981712073183,1.0667846205430644
0.5731553090110068,1.5197936575040896,0.6928064828099926,0.08576441315636527,-0.6500041534622658,0.505893691562147
1.0603012778301315,-0.518841059108929,-1.1041650053407128,-0.783829867039297,1.3492676494841633,-1.541221218954031
0.7120252949597567,0.04131052099153828,1.1190393906952554,-0.7119200317229023,0.3669559000989164,0.7915747999311409
-1.2685009480526541,-1.4585865025130929,0.19739851327227487,1.5447583053765113,0.5851024137907972,0.5358563538065404
1.0587965170942968,0.8851262294300737,-1.112282464504308,-1.4208336850739065,1.678972049277317,-1.808118765892374
1.0515342681723072,0.9583703457363544,0.15203798238504074,0.5877025333933855,-0.5468888494515202,-0.04893789345904842
0.581275941664126,1.4731051923077205,1.5003643675483815,0.15777680504718575,0.4824105108509052,1.0092281621008015
0.01685104152165898,0.9714498190270302,0.20244828641975876,1.6773462542605357,-0.7139508773217439,0.2878039660249613
-0.6905206763282578,-1.6477167499666991,0.6028198514745758,1.6452724037870072,0.03982142686058674,0.9463658872136619
-0.8954322494297077,0.6471746276503526,-0.7761751042016062,0.34601118787817026,1.3823693904567549,-0.9272897328206553
-1.2404847953922205,-0.2698831494872979,-0.8965514813744023,-1.272491805975761,0.6195475758335919,-0.7294538607678157
-1.375945484690469,0.8908630064426499,-0.13805915991534573,0.39554290095270783,1.1311928649347338,-0.19269245360052797
1.3879411312281966,-0.1108958096453964,0.3558115942535713,1.1045725615569302,0.6635198906048092,-0.06960878671789017
-0.397223392448486,0.566986303561011,0.8931853462009963,-0.9734345409507882,-0.9399351601659233,1.049564329917989
0.14796517929980343,-0.06561777292286451,1.3345850114309974,-0.5177910425238478,0.9904923716862503,0.9880145735687601
-1.2104400876862331,-1.4999782428193555,-0.6629905616160584,-0.3345697551424423,-0.579985743849593,-0.06585109027157937
-0.11708079716436152,1.4972043267348567,-0.2877938458579034,-1.51491305941916,0.6243729448781216,-0.6105491808988947
1.2957325472857752,-0.34278884712374197,-1.593460469605465,0.619479595529393,-1.16989099280716,-1.446842563538169
-1.2366710640970118,0.06213479229586352,0.9173515182637422,-1.4940320806750178,-1.417385993803427,1.4060898245090792
1.7447821063875817,0.35377053580751344,1.1223105888370377,1.0753357153958674,-1.030677610084518,0.914650480584889
1.0820348869689522,0.17383049669690803,1.1713336172962983,1.067070157162394,-0.6685085402177586,1.0386761748740607
-1.285722499994912,-0.4776095266453059,1.5870835517642696,-0.5073975884996599,-0.18642024329895032,1.8531923648585373
-0.7588555781287142,0.27798902889413696,1.0473583703240448,0.39516435879013584,-0.10140350577982228,1.1505375361604182
-0.05507947194330127,-1.4888826706985447,-1.3127121878355357,0.3729063244902771,-0.386825651606622,-0.9495228002560944
0.9756328776082358,0.07505665830462047,-0.060955876421401003,-0.02561708070972463,0.6801713123148406,-0.43276963880470287
1.137981641378634,0.09103170488354145,-0.2177267956555505,-0.08858347804725172,-1.6400906741062522,-0.07962637951220725
-0.38971436239575175,0.48094644465149444,-1.6634825704001843,-1.415320875089588,0.09513388790238965,-1.6032662544425609
1.295283382153176,0.6457965069387611,-0.6096145326744913,1.59380991925447,1.597525766422511,-1.2506305061973204
0.1796899352907207,1.3516627931668077,1.174561393062785,-0.5712679955501654,-1.0708647487538747,1.1418577956798512
1.325781199552703,-1.6963100393708528,0.36032174666059286,1.0560056657282066,0.5776222507267653,0.15217714419528694
-0.31252254081720454,0.8978306570908527,-1.687621234523931,1.1635472628603347,1.1355339538214946,-1.858194074920981
0.9245869537052623,-1.2155454022488326,0.9318736292932299,-1.6766095730306034,-0.2621009016852832,0.8354417773525192
-1.0937620855689216,0.4586804775010781,-1.6787055205489894,0.9862065784316822,1.562627279630498,-1.7363258286163537
-1.1966095726699635,0.25819881422474394,-1.3213942072967055,1.163796556097317,0.5282411183041302,-1.1089219792054368
1.702172803251341,-0.9023819131603578,0.6378586297268968,-1.4644523242409788,-1.0388762470582504,0.5428431585979403
0.9011284614633058,1.1337272958629518,-1.059385045622391,0.7848025234716607,1.0641377555701745,-1.547012436227751
-0.1997030162164189,1.398663644555099,-1.654164037641018,-1.4738175262555642,-0.6865752244497545,-1.5625605490359726
1.5044032340059703,1.670465442550632,-0.6973669500703956,-0.6233562620814874,-0.6043635315422257,-1.0506179217926672
0.4702247878962572,-1.7163819606868655,-1.2171245324550148,1.5049358759481466,0.2657499760571889,-1.063496130382188
1.4175155304558469,0.4000839419798973,1.036306880233547,1.0011460748198946,-1.2417915115491907,0.9448205084385358
-1.332690168718788,0.5473390402830408,-0.7365888409182948,-0.16791305488799882,1.4941716503089546,-0.8260631500635275
1.4215976645432147,1.3765581324219822,0.19356657955873197,-0.771315598074099,-0.1823429570881041,-0.2617578376965793
-1.461338972307328,1.2741275483636938,1.4002551515951611,0.33948719956077145,0.8824642655539287,1.2856225393074239
-0.7497057411820194,1.6335434144963885,0.034753600677573375,-1.3910023988058702,-0.9899544028471353,0.19066627360175964
-0.7569176037839687,1.6623063399703482,1.5432788336416794,-0.6946634139778554,0.8990231546694526,1.1909724869807259
1.290503590684644,0.9342219190905859,-0.050730448629805275,0.8139403469814727,-1.195371643462991,-0.1307565399039857
-1.555917408656593,0.03661895784180751,-0.7764855022745678,-1.4481614131557925,0.35275977236225087,-0.5282096732338597
-0.3496222053238904,1.3879633578896153,-1.6889860080510801,1.0681704460702601,-1.515762118887228,-1.2957846123017833
-1.4373300441192387,-0.06967573496900044,0.7626345909555826,-1.056255716962834,0.16398324154001903,0.9638436130856886
-1.6401275637982224,0.6249386895167603,-0.20088188321631073,0.034868292910424425,0.6905070134376206,-0.07251620475526292
0.7250570661181063,-1.2481751361101796,0.45330547360118995,-0.5474028517895351,-1.281214571070189,0.7005511843737525
1.171905252613253,1.4964950171934968,1.390676919399319,-0.6411767837710893,0.708343555391612,0.701714428442294
1.487842717696687,0.43008824133535545,-1.6150424189772974,-0.6305942188858692,0.6561156084445101,-2.059144578523076
-1.0084734105653164,-1.1208395418658381,-0.5480983670021389,-1.0457572165962021,-1.1537398381235686,0.06759559684819351
0.6220603736977105,1.2542832905601158,1.2137331953229977,0.8420276803292647,-0.08743461418403897,0.908458029709166
1.4747559636975114,0.5563195356543272,-1.3785666262502363,-1.4086375906844602,-0.6180097753438558,-1.5749691393085474
-0.4196726697661422,1.4949766847487027,-0.8966817681267591,-1.6457222251039165,1.101695158005012,-1.2340180084490524
-0.32094718193968064,0.787061631647918,-0.6226921775992916,1.2213648965471415,-0.8896712252144808,-0.36821201908862816
0.5939034407534738,-1.6532643536803042,-0.41953846566741443,1.6882556689226276,-0.06629648635533623,-0.26355837804203597
0.8739402806818405,-0.5029413973605571,-1.5490742114513818,-1.1163648634668175,1.2383473280956396,-1.9063083730838386
-0.45238969401386314,-0.0803703469144977,-0.05086557792189066,-1.1714836660680814,1.1084685469105957,-0.23365811352225171
0.008087710225210583,0.29947234425979985,0.002334448855946002,-0.450403497732413,1.0039037974387188,-0.2809171820679032
0.14334994963130995,0.9876350507189515,-1.1546277405217336,-0.48597022276941,1.2813241880719055,-1.545529765368303
0.6872849106134794,0.9342027653097638,-0.7680120549733298,0.6071127183090006,0.3091017820962873,-1.033393520642263
-1.1555051953029856,1.1793015208001196,-0.7128526769656007,-0.1822844492331854,0.75098938104885,-0.7432376392677703
0.11731459576431862,1.0235044672037346,-1.0435813186226621,-1.3228121341582986,-1.3308665391175012,-0.8569739725109128
-0.8565699443949314,-1.268911036459779,0.42122545991695,-0.5662447037988534,1.6448857771335126,0.3292494938203269
-0.27919460032709265,1.1425880855820212,-0.285540455373132,1.176643036118044,-0.8951935966529524,-0.10122508939889484
0.9800170410082425,0.043680588461092434,-1.2384712108310656,-0.5765206869118092,-1.5646061215296252,-1.0335206959950938
0.1558886771618226,0.809779156254279,1.1669817286716606,0.04280203708004567,-0.39811503126519016,1.0647878580051535
1.6211561574430757,1.417015518234959,0.3324034475933985,1.327596103014994,0.3154808459177504,-0.23300983028132893
-1.311972646952178,1.438690255001363,0.7250238480530655,-1.3850322096174754,-1.244670328632966,1.0427368216961763
-1.0675384419229064,-0.1556610230652055,1.5088995002665577,1.5503236203429491,1.3589960520674425,1.396005055781685
-0.7026285201931335,1.062965362714821,-0.6428910599104785,-0.14435777220561985,0.7078568360418613,-0.7490479047197627
-0.586596067786113,1.2454729171714518,-0.7814183468914649,1.0045543894995959,-0.03771294344466372,-0.7190667209126196
1.5765903362011,-0.8124388348747635,-0.057880751127268336,-1.6342084550858076,0.6151015542854502,-0.48543279948493706
0.7418057408718092,1.6460036037258454,1.2982399687254491,0.37469778167150325,0.6573043426693957,0.7300676730345448
1.088607343256995,0.10257749563911642,1.3478317956389865,-1.3933614315846519,-1.410100124474596,1.312781702131632
-1.0204673175741525,-1.44279423337319,-0.7508089271118872,-0.4127934952239634,-0.3096977189439171,-0.26079052224961924
0.3866401939912641,-0.33252692968447956,-0.5406133985335755,-0.3404270258979395,-1.0117712795493379,-0.32737539353217904
1.7132313969978752,-0.9278295829928418,-0.4400693816975335,-0.5844246635798235,-1.0773092410855512,-0.4373248867538464
1.4291863574199677,1.6706075632944413,1.0011248532435293,-0.8090329670212817,-0.6913025812668243,0.579931851657569
0.49024482716662465,0.2942114876868047,0.5227943484274378,-1.0166185188856351,0.37258166606306703,0.23745724561146925
-0.553413858206878,-1.3179784722877845,-1.5950559062052563,0.5726181652377302,-1.639885628961816,-0.8324145487501429
-0.07384944935191468,-0.85686040961219,-0.7697888702174098,-1.1981987097061155,-0.22476277712892284,-0.5914482094775252
-0.07396081501816144,0.5803790482869402,0.4262179375012479,0.7002328792892962,-1.235295867428145,0.6565035718156909
-1.3663761066019067,1.2369857618800513,-0.16660689485626995,-1.5716095932170848,0.21148784457469227,-0.10555820374217609
0.9264951914156949,0.34487807251696,-1.0279161457094488,-0.3189837112363612,-0.054338238013862866,-1.202512975584893
-1.201749953665543,0.2498477686036096,0.30369485295617554,1.5650808314210902,-0.2453554985428857,0.6151238222572173
-0.06178824790908313,-0.9428230960688148,-0.4198747571294591,-0.8286250050622048,-1.5666584600768942,0.06811158775998676
1.250736185663366,-1.0528382877773461,-0.15891441276901336,1.4592602925761666,0.3675205026978576,-0.3357637800685293
-0.8351432259001513,-0.24026057637409723,0.7436378246290605,-0.5340418051038801,0.8272514044596266,0.698730785757895
-0.009676163259991466,-1.7250806463810564,0.7235619705952161,-0.3148734462255221,0.8505439049566463,0.6789221103371235
0.1213516780579056,0.330328443877232,0.14487799421665715,-0.9348791635701558,-0.1718125044558575,0.08470376467634974
-0.10095434232319238,0.04123520957997644,0.030025981836092466,-1.0740055713807921,1.4054309217205088,-0.31273430603891195
-0.49518355999761693,-1.3796139768706004,0.061144247520808624,0.3106011574890502,-0.6345896169266122,0.4811409927460578
1.0587777492037853,0.4925976262082777,-1.7161319828179116,-1.2131262446925672,-1.5058403809092635,-1.584899811849169
0.9613665483585552,-0.9462537109161135,-0.7409515052668453,-1.054089719199193,-0.5655834093795652,-0.6909341431745476
1.642697470505523,1.645817392799688,-1.5136278719270313,-0.7080324975218542,-0.35649355168729496,-1.9060293672605522
1.2608466522062856,-0.26067936195021435,-1.1976298132106196,1.1700549043032438,-0.6889289076265581,-1.1719891534352955
0.22320925979821776,-0.8025965112527776,-1.6800069783018894,-0.6669959821123201,-0.6547324908522311,-1.4030624742054116
1.4351931405419174,0.40704198055300467,-1.3342457781068884,-0.3030390718801995,0.4370397159145538,-1.7203602100167659
-1.5612386388157367,-0.6446458606511404,0.07223099285960971,-1.316838576333846,-0.09217718096993599,0.45929397922002135
-0.8305918695447292,-0.03020639327556975,-1.5532722071503249,0.6313424503242347,1.1172615354062905,-1.52377863078226
-1.0402299244186832,0.0015423324870214156,-1.2946770027465162,-1.3444634946347396,-1.3923497998002872,-0.713539050212957
-1.4127885915950118,-0.14902992994379227,1.250035769127246,1.3819585371776597,-1.259035128888541,1.828321209565029
0.7730220351602897,0.28533526870531606,-0.01674833472013653,-1.1251119980084245,0.37269845291588577,-0.3330755843324227
-1.0888568571466775,-1.4641570612129151,-0.01965485987040036,0.21752427517827153,-0.9135376104201772,0.6034971245826062
0.44458934853635873,1.5496285083274934,-0.11158086732071665,-1.0677380590762136,-1.6890519920769638,-0.01989248220023376
-1.5713736526569548,-1.5380387708722751,1.4204592143250763,-1.3890519722437544,0.4788491236346248,1.7011973724500498
-0.16687503760304007,-1.7191852376969452,-1.329529935039562,0.255007182369504,-0.8971446836053085,-0.7994251040788698
1.5290643987597519,0.8697689540009356,0.6599856291549733,1.1306271629857607,-0.5831316068693411,0.36232001192327584
1.104632438478922,1.2365439577651214,-0.21328133764702475,1.7138103925056294,-0.29453198242430373,-0.4628799210651568
-0.6748345269925357,-1.6013824826968959,-0.40684091955162566,-0.6202182638336847,-0.27440360589718343,-0.006073349102703409
-0.4005162289776732,1.064114578721194,1.3481918030373696,-0.332170559906456,-0.3906345078135518,1.3115528436444865
-1.6115072102968782,0.44265300499010835,-1.0165253650638284,1.6334883561584101,1.0703496792559244,-0.8673486507534833
1.119264738567662,-0.5510050192017444,-0.8082263498722885,0.9093702840606431,-0.7798123050377681,-0.7275043832258261
-0.35453529731864747,-1.3697832945647301,0.4835189258175103,1.3665826545463724,1.1105884214984563,0.47301899026713423
1.508609460485108,1.1021158561767133,-0.5387701786795286,1.7663334320354587,1.2141636747968014,-1.1887312419119116
-0.7609574169609471,1.2656783155576632,-1.7242072593283204,-0.7626312005355329,0.20891151363667998,-1.6808326198050214
0.41507298359326905,0.5930976676019282,-0.8359375197836268,0.8678017989976609,-0.6853086890024079,-0.7608306049658264
-1.3954455005147002,-1.3309002449080984,-1.057262136620541,0.29186648196816106,0.17996747372127395,-0.5759945308247167
1.5038787144639996,-1.282316834923749,-0.5681370205255644,0.6531190950782364,0.9816283790598241,-0.9142849012845293
1.3261200507916242,-0.8522143080426002,-0.24582932972749044,-0.8060128203219401,0.2508598029581834,-0.49579587746023124
0.09815756911208225,0.46413555786100813,0.7798721447185452,1.5229430581453405,-0.4783359475495168,0.8145545767150849
1.5396884664509216,-0.9992181693901577,0.5910758465292071,1.4625666951176604,-0.17414631724316712,0.4287374725991434
0.704723989541781,-0.05280975130804143,-0.24774931201487954,-0.9922362128205123,-0.14778792155414663,-0.37169974907912356
-0.13600550391348099,-1.1148293507428406,0.8640182216169351,0.6412491161533147,-1.4390603484737703,1.3263076526881514
-1.5395246968479768,0.49070858500212133,-0.40810698994777206,0.90660492123939,-1.5332796489336522,0.26855635713707576
-1.0508946291817043,1.4320833613935753,-0.31428938051509364,-0.5459306128272311,-0.8172464609470433,-0.06594073618327846
1.5911734226034435,1.6054030655079672,1.1062057659321771,1.0182955737170158,1.100825213191596,0.2886796179932874
1.3823565618013638,-1.360347859846038,0.7066962331566244,-0.21099444216260832,-0.11641305151347747,0.5514930933466202
-1.3581974677320505,-0.2557236752705585,-1.397008575771199,-1.4207309323757367,1.4087100075962684,-1.3650494109768623
-1.208034833382065,0.11727445665126122,0.03527714382778356,0.6801534460363364,-0.657074905811576,0.44916948931178974
-1.4216821977195535,-0.08234530652599063,1.0832743329721957,-0.9229949705705564,1.2034694436108082,1.026349799155743
-0.6784857430418857,1.4291655725199162,1.4952620978150468,0.6812345621629363,0.6219021726972309,1.2606565050215404
-1.5882161951363754,1.3480327614304148,1.37696349148363,0.7186447565688481,-0.9544808367308071,1.7198322383710634
-0.836664863429894,-1.022130343976725,-1.2590999401547598,1.21812516820436,-1.3559447713860522,-0.5375701789742579
-0.1266055668446049,0.5106924096723581,-0.7569885169296594,0.4241579949884257,1.0959176811379554,-0.9881567740380572
0.004655351026317816,-0.8537570363890657,0.8562741553563141,1.3925558144232226,-0.1797488586342035,0.9876819234137721
0.9289801394538584,0.02937478733943921,1.1162459936095614,1.7472009307559269,0.1842683151582666,0.8579159710493107
1.2395061107317487,0.3239052748363089,-1.3472247763740368,-1.2335652702348707,-1.653375854928866,-1.2224858839114947
-1.0749279630074282,0.8254101120672015,-0.7349383985042109,-0.36935717008434327,-1.1802287991728575,-0.29647807765415674
1.3983214421485004,-0.6280123390664731,-1.5846312516902374,1.2867008487071376,1.6373542805204897,-2.0598208912747027
0.7640401122349036,0.8531119517253414,0.4485136852411837,0.9076105767140944,-1.3051834713779586,0.4893210386467973
0.24322866733908285,0.019419027477691916,0.07202006652468236,1.2202946119738116,1.5165853824120137,-0.3032004782879429
0.9071528555988383,1.1397058971765512,-1.4647209451694585,-1.42520807872232,1.5266348770200324,-2.1023282051430856
-1.4236930046958003,-0.5218229848137348,-1.162361001886558,-0.8363376778288802,0.6269779487845245,-0.9003435233777489
-0.4102330044734001,0.1892850247385206,-0.23608090255499917,-0.9504845625437629,-1.2118967704445132,0.09683347828794117
0.3014596692431492,-0.6182497984261224,-1.2473173091647334,-0.08404268361041888,0.20323551845818175,-1.2162196879248979
-1.1698768976553062,1.4931273645668546,0.2571753790495983,-1.1495050128711561,-1.0988740592695447,0.5384081126370728
-1.3909654410618386,-1.2579143893185174,1.5789475070739631,0.7579009444969702,-1.4698974981104138,2.2942670899344213
-0.00275279832543329,0.5927997415394692,1.113736270036291,-0.21922324770230242,-0.4796833441902847,1.0851981921432974
0.8176635745663657,-0.27134348264749525,1.2672501693585878,1.3121206583795737,0.28344382711366006,1.0234184803003592
-1.1164401257719254,-0.6874438374458641,0.8434229649462895,-1.1870349192529914,-1.3037510247004847,1.3811794679613205
1.6978060098536614,0.6355508018052992,-0.8366496207639643,1.0967114674700338,-1.0926055834093045,-0.9384078590922116
0.13491508436554092,-0.705557745461284,0.984555043917763,1.1810204253231875,0.6952915801892727,0.8539595601158321
1.0954329418625017,1.2090828090121812,-0.40579243611075294,-1.677677229673518,1.6062588489353817,-1.1790228494090278
-0.7174330944854818,1.2235869799715782,1.342024413581911,-0.9457825992636546,-1.5252006111844365,1.6003555904532782
-0.7167795572751184,0.6452796672502322,1.2430498078181134,-1.5309646304000835,-0.48583795391202694,1.3162979292787702
-1.0400533832209817,1.2684522176498334,0.38857521319522953,-1.6645225967714943,-0.3052843092794229,0.461523057165049
1.1626555335516047,0.6871012352610963,0.7297673135282441,-0.3396978429526105,-0.45645364824721535,0.4554008173021267
1.5153602028618358,1.5357506280415723,-0.18616628241258096,1.693643276145771,-1.40471009784914,-0.3025291106590219
1.471273722035772,0.0797306126907657,1.1896801186980404,-1.4167706741156187,-1.1659037812485877,1.0275864650077788
0.5158311696360227,1.658103173814221,1.037944460464946,-1.0996603765793338,-1.0021660254892955,0.8743990350968024
1.1224932426803087,-1.4382452222720084,0.4552579197427249,0.6373288962188938,0.6471905794025832,0.2263463872160169
1.0733729738614775,-1.4228363073311612,-0.21368725931512017,0.8673005649155984,1.4761499525040018,-0.5809706441694711
1.3729402889181699,-0.3522656428398868,0.7563363517747109,0.7308098425398304,-0.48371883006724575,0.594801610706198
-0.8488158983928882,-1.2348947659515725,-0.1318649433132958,-0.8938465726889537,0.09222742983462373,0.15391254837932103
-1.007816789432221,-0.3598309749233644,-0.3119834510066816,-1.4436922064275104,-1.5836048493762407,0.2890086014955485
-0.1695044123444077,0.1301504044070967,0.272663367191949,-0.8208203418739574,-0.5557547857681985,0.38297167200631205
0.45854919091744323,1.6754921565193086,0.7811241114928474,-1.690248498170979,0.14111832476076897,0.35991831162518473
-1.441465258778685,-0.9227178094434687,0.7805344745083257,0.7133533052954436,-1.0801620308834181,1.4219196573302015
-0.44784012906528614,0.31845652970100413,-0.9120343236928763,0.48211386938806977,1.1149472240347094,-1.0459867627226063
-0.6114754230300995,-0.9384135741473445,-1.4963657001076778,-0.2362400585635304,-0.5714677286815607,-1.0432609030331657
0.46440898235180833,-1.5987607840208011,-1.6944086256490913,-0.8691386095824422,0.4791402861319811,-1.644018723537351
-0.4830520621971187,1.2481673930770711,-0.19051528831875889,0.0532890357537683,-1.072554275115114,0.02794259152253432
-0.15154830612936263,-0.7698511654971374,1.2701263354441423,-1.1489862475308439,0.3600248193534918,1.2017734306634875
0.027778980474119874,1.0435164953128253,-0.3599267703104912,-0.10913725888362737,0.1846746047982997,-0.5132484903267399
-0.33498073535668865,-0.19597287743008754,1.6828697821305811,0.5990603905732903,0.06379363480688069,1.6818833482055597
0.09614362894933842,-0.1773609398737186,-0.20316645800768246,-1.6492317037328286,-0.3726661825283859,-0.1523105738078743
-0.40965064362666576,-0.21663563522088453,1.140142425458167,1.7644945242718446,-0.3306027789908649,1.3144768918673544
1.6853999982668115,-0.6928350900384539,-0.7400165261515532,-0.7310220884673773,1.3684020839855526,-1.3139102287743434
0.807677541590689,0.691825132463889,1.4778154893699198,-0.943835994279967,1.1662797902383326,0.8404642848378965
-0.057483853206696627,-0.15201265779096756,-1.48487182280584,0.3088280856221993,-1.5549169772588025,-0.9982630865701235
0.7835486391800768,-1.1044271239734758,0.7732487053404166,-0.6423773479211476,1.6505795540115,0.28868241849996057
-0.7247137857912572,1.2336401004385906,1.1215531871777173,-0.12582545831184347,0.9966827619534602,0.8309444570402139
-0.8983878274814013,0.5075426863705493,1.6580268681750119,0.8463829526395535,1.0398350336165894,1.4764635971872875
0.31896585702141655,0.4439484553208369,1.5771972163771206,0.30202033225892433,1.3318598411014666,1.064868747070716
1.6415836549718774,1.2590043529596462,-0.15180966991227335,-0.9954462277129537,1.5360277967147533,-1.0258701552826521
-1.1209997515102723,0.747286481331752,1.2779897868545587,0.05826725440846065,1.6180493129000288,0.9806462029151005
0.1759561636054499,-0.08917983771456017,1.6606017718307233,0.5906522045018395,-0.9318381491454594,1.7706512767871327
0.023945760056409787,0.5855247386860981,0.715375056613863,0.32853205909265926,-1.3942557691520407,0.9335413348876632
-1.637384913448473,0.20544508608624643,-0.9453657233226013,-1.6456666924406216,1.4404774687143127,-0.9481420688591485
0.9051172412602758,0.6840067748639774,0.46293717230391146,0.3014790911017747,-1.2807946015114384,0.46942167718243444
-0.41557036710218914,0.6265759091785337,1.5890770737785043,-0.7931930273986627,0.6573323167415885,1.3360495196813362
0.2019584834360269,-0.8899833006712202,1.39471627495749,0.2027061745690817,0.30188355667696676,1.3106224876134012
-0.6816211394487016,-1.6198645144558623,0.555483476424163,1.0245812034265487,-0.9213199530337209,1.10192282530793
-1.2911979341443693,-1.3991795366117563,0.7432152436621148,-1.5282549515190091,1.2751403447292293,0.7983459289310009
-1.1538193094403086,-1.2219001084731351,0.720469240083545,-0.9627482096901311,-1.3510633967091714,1.3534528112330264
-0.1349943911242015,-1.1399249470791515,-0.08779032474618706,-1.5366913548617442,-0.8621312690331847,0.23534601875910136
-1.641894717009923,1.0226304640547041,-0.9792941362723844,1.771469259235599,-1.2263336123716493,-0.3561622750694376
-0.8319031682536232,0.5961454120591109,-1.2375895660526741,-0.47165062266747143,0.4231936979411612,-1.1702984839923498
-1.0470708520061711,-0.14316927237683763,0.9862248559498046,0.6369550332637921,1.2667179864768594,0.8928413852229314
0.6643228820056017,-1.512310899863179,-0.953739440377022,-1.4767882450239567,0.5766897704886946,-1.0394140137703267
-1.0818478876786413,0.11288744645848692,1.1518148071566954,-1.0641960248668574,1.749292552830249,0.8647425585547066
1.50025728226189,0.4081683363849182,0.06553553897289255,-1.112923068668887,1.5370634138248596,-0.6950246251777541
0.8467537609091174,0.9988122484219512,-0.2536881008840901,1.224160925774645,-0.6411521362594477,-0.35183279912999743
-1.1287159202993575,1.4503919093769313,0.5136634407639717,-1.1513881442682703,1.2026118725537842,0.24145601754955545
-1.2020376383393148,1.6054321676222079,1.4287054692338608,-0.7639073629003031,1.2814206064729674,1.093675497478723
0.25543429203147805,1.147024149788183,-1.605303406823302,-0.3044123969507474,1.477472783471262,-2.052852792183675
1.6966052557071316,0.3821142157067296,-1.3828860240078804,-0.16703401586708352,-0.8358981215904688,-1.5192367193468053
0.17941660984627797,-0.5355032168632253,-0.5887839898134326,1.0936508344615532,0.2891035022921832,-0.5654640092256025
-1.0727926327324613,-0.9599962043851109,0.8475562124535279,-1.0655103419308263,1.4481893359986586,0.7718661692269276
-0.48631965178196473,-0.18918269672940355,1.4691221494693598,1.298526408466881,1.273278991201421,1.2512880935699484
0.04268565063174134,-1.6983278036798404,-1.2446365034055276,-1.5183359612501623,1.7449718603382052,-1.4318403664530455
0.11815380603631959,0.20862601198540606,1.3679455855144012,-0.29980388435982397,1.400877389701541,0.9046311225209271
1.2687846687047262,-0.3374976800133801,-1.158063521675497,-1.4291304156516944,1.5761148148328392,-1.729060025959841
0.582006548073169,1.249012336445174,0.36312916303396114,0.964357595950974,0.6214376747654586,-0.044685843700478206
0.2278996634461051,-0.26267094279594255,0.23875987744013688,-1.2136820681226301,0.572082521249271,0.03899144903328803
-0.43554131841224175,-0.6899411006087794,1.1976170645134874,0.07056395118679382,0.1911779318643673,1.259210776322407
-0.6903042878954279,0.22207276615955432,1.218920364421658,-1.6730542922642468,-0.04013055868333322,1.2298418785764635
-1.3601564305742841,-1.5054822634398008,-0.8333729742605237,-0.6376173419373237,0.9047683836679037,-0.5475440770381454
1.3055323681101805,0.2501984708716824,-1.205737318636264,1.351843268461337,-0.5342331587501501,-1.2796657495032295
-1.4698337144408034,1.6679762404398453,-0.48935526018219766,0.2319216903059635,1.097864585539353,-0.5916176042796565
-0.9723675910468712,-1.5045852673124878,-1.5680159178924105,1.171086130061154,1.2279735683338662,-1.3447919098329357
-0.5109406491827984,1.561323192424056,-0.6784010206570071,-1.3268671455334506,-0.31884297878327794,-0.6774752717691438
0.14075105778207014,1.4696254364447652,0.2397108719715301,1.7699119006562314,1.553942517225692,-0.2860788355044385
1.0217451756754932,0.14019194769338564,-1.5151766934431947,1.1893794476781614,1.725821518967254,-2.0275817075594005
-0.06397576755930079,0.9373399352711772,-0.5311353684228269,0.7538819003299607,-0.8283427373752897,-0.38212654739248625
0.8591493415879052,-1.3901050017547998,-0.15285907534797846,-1.0638944069476823,-0.2630589154380837,-0.1338337400858355
0.227768257304531,1.2155615814777005,-1.6627544619586647,0.26334047005737,-0.3522683099771404,-1.6675205511052185
0.36503249032186963,1.1468016280064237,1.6103441315265732,-0.2243921532259281,-1.5866530165989747,1.666726709077838
1.0969396174649746,1.3388857930317057,-0.08798527321895443,-0.3659119802979053,1.4039636038031158,-0.8101700499149826
0.8148607103760255,-1.2790457509333464,0.1515326075536794,1.1417313024291875,0.19728547348978914,0.10631011123259249
0.5899687989373859,0.3727040163076243,0.758646166504451,0.7479738934062169,-0.23239153474790958,0.6209046616009611
-0.37865567068913214,-1.2262862678493873,-0.6831102416976762,-0.5767980508974301,0.1833906015573015,-0.4784091180784098
0.9293533821751145,1.2801281957504955,-0.5316660613332074,-1.4889979469077006,1.2455079675479943,-1.1812411467960398
0.8894236080439734,1.0578196629309147,-0.9018272657569083,-1.306169735994472,-0.392403097259676,-1.1094834300535805
-1.622201738829916,1.6236226712732529,-1.489575371187795,-0.8037073976410672,1.7205736692494875,-1.6707509431651395
-0.6370543845835686,-1.1177843961190408,-0.5337246705930747,0.8462627337847113,1.367375618932668,-0.5291845764534606
-0.2466290184018768,0.7228566351269484,1.3116049354340025,-1.4784855232266887,-0.07833434188190441,1.1784888025918572
0.19334046729741905,1.243243705469364,0.1415780057526402,-0.3239530098201402,1.2434979405448854,-0.35179782570800444
1.5294060205916526,1.1117502951207925,-1.1681126395001076,0.1879670144315064,1.4087795055707792,-1.8780420528957493
-0.740437693420567,-1.5356136114511663,-0.816027776100971,0.932116638513206,-0.5311268645929832,-0.2805239599244011
-1.588710511459356,-1.7102040698523093,1.4593281232460051,1.563109258871273,-0.30258086521929173,2.0288624322920157
-1.0784065188181222,0.3123093206533037,0.7294316210638699,1.6913644341678375,-0.32172943308006763,1.0039256227723123
0.47652825763642914,1.0642819725314778,-0.7800883790307332,-1.1757940738405503,-1.160398880312612,-0.7254266065248482
-1.3571454772847495,-1.7026436534730396,-1.5721572041742424,1.3696183691538977,-1.5193265118657615,-0.5994864009081915
-1.2533229040198366,1.6321581976602892,1.1863026134623422,-0.16615179061280713,-0.20526654630630145,1.2359065080489644
0.5776453393786474,0.004599453617057491,-1.0247713632979898,1.358339495435708,0.7045627489089008,-1.2130440080105043
-0.8434050823921252,0.4503045763511569,-0.11578114832840958,1.3985891121047207,0.8236623154616598,-0.1329683264025818
-0.9951762748478615,1.2156580352300637,0.7862050906615696,1.585750922504508,-0.3387670324754025,0.9347274482862649
-0.2448224964965305,1.6823855541132355,1.4407823363063463,-0.9041501410584304,-0.15263358782016698,1.2212730355313461
1.1356624499055945,0.6768282132160374,-0.5576679818120057,0.3718466657736115,1.005769726004757,-1.0693067784851873
0.5985799820954802,-0.9806932720990501,0.6705140455036707,1.2033416952661689,-1.5447980826472854,1.0127561584325195
1.5452800214218767,0.7741843748140502,0.2574414479913485,1.5669621074194988,-0.9325564547378323,0.08476767248546624
0.48248729860731304,-0.3344817167941336,-0.696958784226768,-0.9359784431295869,-1.061055908087936,-0.500641069832416
-1.3445075161114342,0.745605606920475,-1.2086886763752223,1.7111940934873155,1.0455103011916487,-1.1326748935790938
-0.46091735198474804,0.27650669596103666,0.6841460137632065,1.0371957147510302,-0.9700257259423885,0.965596470912745
-1.435207031715583,-0.8895455567105462,0.5870704843987578,1.1334700271007074,0.06140279523726413,0.981448483381215
1.6197950288493945,0.9429003964129886,0.1398100800048118,-1.1197870677827386,1.3447548660866884,-0.6686982584112573
-0.6614404823595057,-0.49575400131070013,0.20537400688376523,-1.5719337598887664,0.7709993855067697,0.16766308964138665
-1.4492902310477767,-0.7571143259167402,0.5308435373734389,-0.2539167152944433,1.699369304122257,0.4951726741037653
-1.4619670041713941,-0.2311489761115649,0.9216038662433715,1.595225053803755,-0.27544086207038276,1.3167459965277266
0.5934452306432282,-0.2566068240723517,0.86689935087687,-1.5984713770731862,1.6030030760388048,0.30136222979465566
-0.517915378578321,-1.5794731184904531,-1.347254479374837,-0.4747755117223434,0.43628192245494785,-1.0886922598661035
-0.9764570214536356,1.4104366611364971,-1.3788719491984094,0.5985857894436448,0.46591964335905883,-1.346862624522081
-0.30649374041782457,1.6355508887234353,-0.22645442153142087,-1.3427833594205363,-0.6293103527818658,-0.23237724328893627
1.108041624290136,-0.5676186214914265,1.5614334382121842,-1.6076667381677099,-1.701074107223533,1.6497323710416951
-0.04865265926136271,-1.6463991337983028,-0.021157877479836287,-0.32370144051544897,-0.2337220310794627,0.22824178599711914
-0.9097934416057549,1.619459429913114,-0.07405660942345846,-0.38199852530917044,1.0546584143921012,-0.3218327829960246
-0.7945860010283171,0.13587041638811276,0.5005070370040314,0.007662137681680094,0.528479097444699,0.5021595198395595
0.26078892850855806,-0.5906855031123999,1.5306052524221705,0.3421635062068123,1.6152201459784195,1.0899272026913684
0.49067619025564785,-0.5886051110737993,-0.5164058369043455,-0.6611893574058197,0.19104945470657705,-0.5854914060746059
-0.7905480543256184,-0.6166393956186659,-0.6822283760726121,0.2886966620733501,0.8632357940912018,-0.5941231719837968
-1.182780899316425,0.6521425256324241,0.7214716004782226,0.7511393018768341,0.7605762146428412,0.7001116778271884
-1.1566014482307416,0.7892346433591242,1.3957068521437288,1.5643332925203077,-1.4775695147803354,1.857092621526284
0.3423873531974659,-1.2726285282217351,-0.3643426609720615,-1.5333935200699427,0.5384627537739022,-0.4365626247905097
1.0403346982061779,1.0084783347985606,-0.7293638508540174,-1.046863402562002,1.2974322052637959,-1.3584917853148681
-1.1268668444040952,-0.9675835275171027,-1.0339423661472849,-0.8673175543842971,0.021534475052710073,-0.650618481433496
1.6533166329597848,-0.37467983051274795,-0.6923253394499925,-0.8690121412512162,-0.45098695256269256,-0.880732379059363
0.9563176068966475,0.33979713150265983,-0.032840602832185456,-1.481458670143118,0.1749489878314188,-0.3580456224067953
0.06272152820465043,1.440657301693251,0.6660041186344423,-0.19680408496232482,-1.1143894871043973,0.6983311034130637
1.0252416213617537,0.0007447634140958428,-1.648902254861856,0.4657582342255085,1.6137745684628548,-2.1328980174402767
0.8976911810717699,1.4616224279214411,-0.3938300005851771,-1.6623018850488032,-1.10589505374745,-0.5246577222701213
-1.2786633298257895,0.09687872148995483,-0.3932140679597485,1.4150283572802567,-0.533235908217939,0.05557124155966249
-1.419197375465018,0.6441748580252266,-1.4822278796409387,-0.12706700451358016,-0.3507559676019752,-1.0914446554195818
0.6975958575861384,-1.6045230795039365,-1.557252372609556,-0.31729531036226366,-1.4857637677090747,-1.0913055615016665
-1.4042297438930784,1.2362509733524634,0.7255774339147569,0.8179726164570498,0.8067432911582179,0.6739209703549698
0.16810670684131396,-1.2926226584048408,1.3079963620355504,-0.9637588904946758,0.7695824556899195,1.1408285095543322
1.3855579157979054,0.999048665452872,1.525812199194522,-0.7086299010416639,0.2165769963767039,0.9540668262198075
-0.8585690731282901,1.129954021346782,-1.131192873231881,-0.8451013287558337,-1.72351704662781,-0.6390315262727888
1.1514074652490496,0.7854463604452417,-0.6580697560167301,-0.5718108925950064,-0.4742988973518805,-0.8634552581749089
-1.6413529981243884,0.03510347625712734,-1.3764202780976924,-1.6545803381527877,1.5589090324514654,-1.361104624816955
0.5933232992229062,-0.20926520875442992,1.2251312905476144,0.9009406394800411,0.16489229797438393,1.0398717669576005
0.5331005104540965,-0.37677842315000615,-0.9995967675733881,0.4356759477537814,-1.0636385051504071,-0.7511158883977613
1.612424184957523,0.3626931683832797,1.5438153957979306,-0.2885562374197865,-1.5732749020773065,1.4252899829451438
-0.8279953866164527,-1.4002515298195566,0.4423522018233737,0.14346230518905684,0.9085960040443996,0.5501029815476923
0.37966362302819706,-0.881201141339254,-1.5042898858025657,0.6413389058040492,0.6474139554777378,-1.5262537405083163
1.4908390218943133,-1.1019640864851445,-1.1728071847263613,-0.49889371815559214,1.6093365108583244,-1.6814068510954125
-0.6357819964374565,-0.5723195055270608,-1.3365625430204073,-0.20379578265612114,1.6854937909721002,-1.4538917683563284
-0.22615247049666296,1.2391556557387846,0.19035323158931447,0.6536027196580523,1.1808371324847458,-0.1731179096293899
0.16044997039607847,-0.6981451954231616,-0.4601903325696076,-0.32306833041805605,0.7791620790018416,-0.5762072610520074
-0.5936292411779283,-1.3074462213252567,1.1251244228032486,-1.3032172927013166,0.04125466929567355,1.291931653719403
0.5040334078003634,0.1173763476307676,-0.71909183200344,-0.5909384360866202,0.3227394722526194,-0.8905097704836826
-0.3642757428346085,-1.6703833191241308,0.2612225278789499,0.6046828225871624,-1.0612680269128267,0.7834345737686742
1.0048124820779538,-1.1607955438324098,1.3895532745588033,0.16639885645948477,0.6306557582775769,1.0890553838796768
-0.019636095249224775,1.5429467706219473,1.402743503655168,1.3399755539078442,0.6844801281054066,1.0244325107641639
0.5991298141409397,0.06856561017151358,-1.5301795998220988,-0.15247466628947604,0.8020604577949306,-1.767615391028323
1.2515440320965752,-0.36132594863926176,0.6581527093355762,0.1429004122256624,-1.5291792559871937,0.7550846004645092
-1.1992569298269204,-0.6733762945884837,1.342784378853646,-0.2483127781302718,-0.276557136447154,1.6560762196003833
-1.5443764259501807,1.2774173977787104,1.1597223431349741,0.28247436357915073,-0.5402258723978134,1.4052604293006536
-0.9398758335974741,-1.3780450649129186,-1.6028852501514608,-1.453729168177393,-1.1953255705340653,-0.9125098403738412
0.4848797886440258,0.08270069753759719,0.010496004442438272,1.0245058002288219,-0.29063916377458376,-0.005830060938158546
1.4315816758565225,0.6894366454395161,-0.5754942919424265,0.4884724790266498,-1.3112334263775671,-0.6088990351842113
-0.0967520397435055,-1.507874236832769,1.5455405804310853,-1.2979607516871448,-0.004005877547387963,1.6162265899316008
-1.610272036246121,0.11279071631396766,-0.7033846625764227,-0.8808516196445797,1.5755045523688094,-0.7243345040443563
-0.8462046606698488,1.6600000047670336,1.1476320987979762,-0.30440234949092987,0.6835174816542348,0.8990077577251234
0.10242412093662313,1.5216419419964828,-0.5286401226978629,1.094584079421439,1.530166980474939,-1.0217527009106833
0.556487739909953,-1.7041476321549023,0.015539635022912964,1.4878692272392733,-0.5273572548457673,0.26145974731922095
1.5759202378454578,-0.4056214148602874,0.2971333288709317,-1.601667842913151,0.9980493831742177,-0.28660947510224916
0.04254397904855506,0.5185336899049584,-0.4977387777204107,0.6149482111657735,-0.3212028781802213,-0.4461464602045006
0.4086005245343611,0.9944013682196069,-0.14848967006591762,1.4142713747125395,-1.3628073190467662,0.014265146692819204
1.5345798655663025,-1.2490180721575146,1.3635648118497912,-0.5133241352548974,-0.5200764000987519,1.2097177752540398
1.180424672087407,0.18650383909339135,0.5459304416900697,-1.0797835478491427,-0.53013770753352,0.3327696440253724
-0.38806683858889657,-0.31806038944768983,-1.4690476575780815,0.3056304100350486,0.4438094458008027,-1.3579595702993865
0.27576767965672333,-0.20481438905683924,0.5333300667895668,1.4675622349256798,0.7893446707916428,0.3267638200147535
-0.39605274482643854,1.645754236988832,0.3140998695483443,-0.6165554964816315,1.1575366606179636,-0.09945127517198801
0.31888698593048515,0.5164568434371091,0.2305163205731586,0.3804035819006498,-1.2519356316408834,0.39058778914071557
0.8481088308877522,-0.5825206205155469,1.5580374511290684,0.9127834379613514,1.5921898598154374,1.0116218388925569
1.1197788952366547,0.6193195702450789,1.2694050578568588,-0.46618092395340444,-1.275975592586939,1.1674684258168952
-1.302109635230039,1.0357994554059098,-0.2913471587161203,-0.10977811522155914,1.416833795127112,-0.4507975369801371
1.3966094077130793,1.1624868522633667,1.4312981329776506,1.5649145107867661,-0.5285383483643279,1.0826147492672913
0.04507230004782127,-0.9358365385966941,0.7041324158851968,1.5252479052921426,1.612279617457818,0.43289570993256304
-0.648575048525456,0.2010474677893933,-0.6472872866621073,0.16747880108191746,1.1770228039724873,-0.7636735721005681
-1.1095304297499493,0.4422626892707513,-0.7859259372365509,-1.5357381540527288,-1.07332218814927,-0.35091454732480815
1.3933763332069955,1.5814771973858917,1.2465471785814213,1.3478250064440525,-0.7310374078379719,0.9009544615555357
0.6854255759225073,0.11297830574779748,-1.513502520623657,1.6747269758445273,-0.4096358699658915,-1.440967627913445
1.0463878937216617,-0.027835389034020747,-1.4851315161434941,1.0518152432537138,-0.3570799905637533,-1.5049081414846952
-0.44544454298048786,0.624727139391908,0.04876246784253603,0.17945389501454231,1.4438841625491419,-0.26265164966525784
-1.3258365638007972,-1.1641248388584011,-0.5569208534367319,-1.4776495549827435,-1.2935642639044802,0.15190788757114893
-0.5899254665249005,1.2159489720252215,1.5995689717856858,-1.4941666956792805,0.7106776033581793,1.2812852886658606
1.3256657216190417,1.4552983345534463,-0.6830968558116597,-0.8396067966038784,-0.6239511291578302,-0.975622198552297
-1.1254715052245232,-1.6603462113745078,-0.2748687625173674,-1.0355022026953307,-1.2856595712391352,0.44401392415273777
0.7396991137830145,-1.0449250860754715,0.1342444476565789,1.5289438396286237,1.738638080464887,-0.2682700010191175
-0.21258309477392598,-1.286699037957539,-1.5102281891543232,0.03400676844727612,-0.8484640534186864,-1.0282739733601358
-0.1431927510772089,1.4709726525218783,1.5888670795618336,0.2647343651879927,-0.015562496807752816,1.365933804837318
1.692330218772727,0.1836806541777198,-1.459235289633694,0.46230199106693726,1.6306244557237615,-2.1217867476787213
0.27272437004689554,-0.624363201918216,1.567928413242693,-0.6650448602279782,1.7373160540679629,1.0688985985558974
1.1205370053927715,1.5444814571054453,1.6200541948049798,0.08283820788316648,1.6455602349088772,0.7263292998225611
-0.2442919168681909,0.5117770746840485,1.4357449825931572,-0.6533673081523771,-1.4185780942243749,1.6549633189414887
-0.8632921927027785,-0.8914364030615659,-0.3200840922818206,0.5065175582439619,0.6619706198931105,-0.1522668687634148
0.07017590008287299,-0.8466659921033154,-0.2578609504391783,1.2157205214352926,-1.7197448048714101,0.2762049156907198
-0.8486077715457703,-1.2142060132503993,0.8902113818693348,-1.5726283179206215,0.5867738808529811,0.9795018151033409
0.05135708272777116,-1.6105321858696329,-0.31933778739996416,1.7758845971457196,-0.8660163567182428,0.1297072420309854
-1.0570824619005184,0.5216225678917495,1.2094469427354055,1.0847212231204617,-0.26759506105433145,1.396789889281712
-1.3001239167738714,-0.1628883851563073,-1.46686481956447,0.1966873004198956,-1.6992674640121272,-0.6850817870890545
1.3251903218778756,1.299760376913872,0.9733416982609077,-0.06780185867284376,-1.308016972076167,0.7841490140346667
-0.27687439012378523,-0.47495544422205604,1.5986013725715886,1.7041608070567462,-1.0417935810873078,1.9117483887200428
1.2293753627858037,-0.8004203775784631,-1.3417785297349785,0.8452220296524676,-0.8434658162106203,-1.2113352226614256
-0.5759672040175127,1.1471431096527318,-1.366614166042061,1.4599799224403989,-0.6320437615392995,-1.109685296792855
-0.18538234600178918,0.736374684443815,0.5529278113203168,-0.3325338195142673,1.4734328039866968,0.12201171301537901
0.4707384093965494,-1.6945971634220107,-0.8346873991787805,-0.616376453368825,0.6330751916864025,-0.8528369969321714
1.5209717798430973,0.5285280016918473,0.8773810434193235,-0.2065374225878559,-1.452031539633066,0.7718638150986198
-1.1991570620080858,-0.32322369672197787,-0.6865921909496338,1.1002595636262824,-0.5416811479442208,-0.19563103362079748
0.43836318814179615,-1.1358378643222702,-0.430551679035229,-0.8406125504582118,1.572973256807273,-0.7556445169892096
-1.5920688957064923,0.7731178303791051,0.9567373555057204,-1.566146309260881,-0.6774692120951407,1.2615797451305755
-1.1595609997980891,-0.1802468584645332,-1.2222631796832908,-1.2938328864470736,-0.037929952025549225,-0.9118296844088182
-0.7131103276171123,0.9123831947674221,-0.45170493495754266,-0.8625170580227692,1.6244859229077167,-0.7829001600654037
0.8298726016761958,-0.8010665719164616,0.9768391451079734,-0.7513142100064035,0.10794430955930367,0.790272306673952
0.8064041290287368,0.8829702599108002,1.3447357007107166,-1.4946284695999354,1.5605901320130258,0.5854089365447882
0.726828375078505,-0.09272059188859791,0.689184796094484,0.2455184688277438,-1.5092765589715111,0.8629508608583073
-0.5310409407807866,-0.4282839828742851,-0.5003854044819566,-0.04548569479151011,-1.028671414959865,-0.07033321465253035
1.6999927694349337,-1.4145708392525425,0.13526742727121724,0.13027040753622382,1.1738987114374548,-0.3378918389455881
0.3198710796219518,0.3851239283219497,0.25771385641548666,1.3012987800860594,-0.020677851090683156,0.17203353284451248
1.5049803338021548,-0.969716622262746,-1.0951783875482706,0.7811445793341112,-1.481551674114995,-0.871547926738061
-0.22199334127123205,-0.01524164969859951,0.31916265019358414,0.11999672498336635,-0.47760372204508134,0.46411633974697947
0.29674632136683793,-1.0063991753407953,1.3784837809441857,-0.8556874514921903,-0.47261797048988846,1.4380246085031854
1.5612073933890136,0.7497595681233491,-0.5140809557242639,-1.467688790600189,1.1172515635412308,-1.206697764527849
-0.43147419440744955,1.0044357760639082,-0.7787047312166876,-0.7147556958675853,-1.0859027173830182,-0.527655080788385
1.3921953549475348,1.2702103713296906,-0.3692398493764208,-1.5392587155602975,1.3436318169966361,-1.149930656881885
0.6601232593541281,-0.05047000023060509,-0.24945768961179157,0.5992535559903843,-0.3359718725432157,-0.2741943139252445
0.9611782680334712,1.0122661161415667,-0.9205018601029361,1.1010235424092312,-0.8782038544776574,-0.9543189683182424
-1.0692806008843667,-0.23151432867981872,1.4319429759527866,-0.05161187049933282,-0.4945756378373541,1.716957394120667
0.007743863717168839,-1.6294928512600952,1.2042114989581956,-1.510909152178447,1.4554678133359455,0.9414748069725998
1.4322141446812473,1.3289119171154522,-0.8963950425013306,-1.3477416958260895,-0.408971544291003,-1.2490912603969455
-1.2953047135258058,-1.4590211389373178,-0.46336104417801977,-1.1066294859133303,-1.558984454070103,0.3405047007525907
-1.08551960355859,0.7689676886230424,-0.3711495807756945,-1.6939697567205647,-1.5830932455042688,0.11020015969355391
1.023711081741428,0.9416766195874033,-0.2398267737878695,0.3720520594085219,1.3218768889254606,-0.8505690332414143
-0.5854384738895093,-1.031270427308995,0.6397592788459274,-0.27653088269499215,-1.4558633710836892,1.1783001058576612
-1.6344826045560523,-0.5192123793347304,-0.26564504038587733,0.17433968999435556,-1.4105094892765158,0.4915181293632189
0.6549722448707979,0.4902819573352033,-0.71971212305163,1.6517959642886086,0.5394484182737289,-0.9522208530707834
1.5410519244391485,-0.7882021051748648,0.10863550893785266,1.1575360748477865,0.2703571092246199,-0.16278695427614004
0.273311665776118,-1.5162397758517865,-0.6383502228999712,-0.34404410270082875,-0.4861982988147533,-0.37881874328190224
-0.8837383045718324,-0.311129080120742,0.41306716014239747,-1.6885061350794481,-0.9117806628526842,0.7765795396520706
0.8808975573214541,0.09865089774565328,0.6354396754821278,1.3280922434341182,0.022583715966705827,0.4325969014529938
0.07336140484254818,0.5406532852232965,-1.714261782856689,-0.11193257825467591,1.075433318256679,-1.9466623614985525
-0.392729569932998,0.18021743714946784,-0.1029583601597123,1.2732808926057557,-0.995143780672411,0.2337008420639053
1.214484165106114,-0.2113109685068943,-0.6749493077618237,0.9445783172500966,-0.38833006715739155,-0.7519893855780229
0.8384308942141709,0.5126606998233014,-0.6317407907737846,-1.594918532391869,1.339285151788867,-1.1910739713794587
-0.7707565909950727,-0.29889352089175364,-1.6865854698136096,-1.133687212098245,0.31055214253711116,-1.4943808748144016
1.4526304566560333,0.7829162573483396,-0.14005351346486974,-1.2394635575566506,0.6266895701801168,-0.7145828184576803
1.3001752620683713,-1.4547327938722998,0.21574309188180882,-0.8294750985687266,0.9604793531183358,-0.1504920947402072
-1.5311987296295644,1.2720636581546865,1.4010619736998675,0.41670688872241535,-0.9969421961887597,1.7403926413013826
-1.523855709001234,-0.46561015822839763,-0.4835518014218641,-1.0061981065439816,0.2113316404364334,-0.15461519664979617
-1.1220870708365178,-0.37047367001798603,-1.3531928193016807,0.46187289614755656,-0.7272539072338291,-0.809755615439906
-0.3869033322444996,1.4380846897463542,0.6888637554829116,-0.9877352870797531,1.1087480027479937,0.2764721436622735
-0.18983176187168638,-0.0361457911468634,0.008225938425320553,-0.14079609762771814,0.3702772616286634,-0.03769849406078032
0.4904998461578009,0.4633148807529163,0.8668418224539612,0.6903203299826169,0.8713953760971594,0.47525919680026396
1.3781753682010802,-1.0427777776098563,-1.541228518905489,-0.022191592901987384,-1.1595731151544881,-1.3542058398241599
0.8835988445405721,0.7657523776370099,-0.6507368432036735,-1.1009472364231492,1.2718360726923923,-1.2182379762653708
-1.0259513795386486,-0.8723907791616518,0.012226606662691583,-1.444308309712369,-1.0538002703887162,0.5351734694506746
0.3988423981132499,-0.7207198075787355,1.5755059173717736,1.722364023775393,-1.0603839430711646,1.7797203582196943
1.370831208786557,0.8500545044695437,-0.4899867049323504,-1.1729961965100664,0.8646716822874146,-1.0879765309114775
-1.3867089370227774,-1.3200621932517922,0.9814632426011464,1.6790028579943623,1.5825859369245872,1.055424044115207
-1.2200410685501997,0.35598666100680115,0.06942813140206414,-0.7568975351436055,0.589262713647404,0.12466997277103134
-1.51816390500129,-0.2936863000356026,1.2366593274722406,-0.24707049934353154,0.4906008107925917,1.401357990583079
1.4943292368621426,0.46210264646432675,0.347942655835671,-0.0034311991848769968,-0.9921460745289117,0.18571144794221742
1.3078040757080716,-1.4457603420993235,0.3137561658529625,0.5878990920137422,-0.6059446601558313,0.3441958859340528
-0.5653362129449693,-0.13565019731850836,-0.015809853345837663,0.6626137447393439,-1.5145195477982214,0.49250589682251195
1.4541799698180164,0.9036472401768357,0.2767405602427133,0.17646464341467177,0.9144719267704344,-0.3622846825973489
-1.1503558079319276,1.5617447310639234,0.9347976222661337,1.5464855148233392,-1.2409323194978659,1.275646845077458
0.8149552077543551,-1.6359535263232556,0.8481795682907582,-0.691442846158631,0.24990582238435022,0.7388424837408583
1.1920636093278076,-0.07240540203379732,1.039592145963453,-1.1276004787747673,1.102520750303931,0.44487461179953547
1.0895558940976773,0.6480928387519687,-0.5262794683830601,-0.747542803428214,1.7243579808958127,-1.2259814911511173
1.5883848000481395,0.6917763119433263,0.5374158352567481,-0.9773771790626455,-1.1242187678690616,0.3196578382074479
0.6414843054518646,0.3763463820491987,0.6330575716610007,0.5755227242193821,-1.106541465419915,0.6893113355314577
-0.20068069073870534,-1.4359990285915538,0.9126870805663898,-1.606138234602194,-0.3861915520189945,1.113738695307486
0.7945798827435794,-1.3965003152899607,-0.5858788528751854,0.9150565263327944,-0.6209445801188863,-0.3866175228998109
-0.062295044083759056,-0.15914672376628092,-1.5952832476744392,0.21054360183142656,1.548694434718546,-1.8243185195538494
1.7350440701463048,-1.0599329815849639,-0.8653335702464378,0.2507936107495922,-1.231069050534814,-0.7670779040868114
-0.9720677418123741,0.9642310373186412,0.8832154917041783,-1.3624405337310825,1.0459185440201635,0.6433994934969318
0.11236251323512439,-0.27712943004939816,1.567431663668761,0.03891414609599388,1.516405420130985,1.1336488170713057
0.01212037334226312,-1.1316429805150703,0.9997241956373473,0.6358929743573476,-0.10035490150977788,1.1133628895470076
-1.6291990828012664,-0.7951249090507708,-1.4783520881326906,-0.25063299946929596,-1.5519232424325666,-0.5989484103129952
1.5418339441835516,1.2381906752808558,1.0056577193896759,-0.26052372873905283,0.6333407568604857,0.31902466998196477
0.8813716881020963,0.8981105665217898,-1.0552228168256792,0.9312964296592166,-1.5994721664139353,-0.888183156761361
1.2743777316912182,-0.9939520816522908,-0.9512885032901336,1.3939226469142643,0.9275594466140363,-1.2260114819070298
-0.5704873453430487,-1.1374277462434021,0.09820695966578977,1.1750939009264254,-0.4359390709157901,0.4826371926559328
-1.2765118747590392,-0.38745186263623677,1.6915452977566046,-0.7511429751928618,-0.3187182214364602,1.962721830812921
0.24206689955908953,1.291550128297908,1.5326613611818567,0.05285112845234242,1.3676727769254595,0.924444878666166
-1.3384481608664556,0.7514093384336304,1.061763348403997,0.4869827954748184,-1.635198791094677,1.5910977317798813
-1.3314953838230088,0.6036015639291182,-0.7653918636590367,1.2865175326944205,0.3190411347028885,-0.5448235317994099
-0.4049383836045805,-1.1548248724123225,-0.24739847542490137,1.3890295392846879,0.5283730661130958,-0.09393022676191912
-1.6169880385635875,-1.5934064180187637,-0.2251406245244129,-1.5992243636322097,-0.6838577918863175,0.43152116219502246
-0.209809453306812,-0.8844668720136706,-1.6416889823100982,1.2379995562032702,-1.454365224861445,-1.0241101570873474
0.9322269970270338,0.7887166317083512,0.09380824129605818,0.3691578854946034,1.2677633488737323,-0.48643879030066356
0.04088635099818949,1.3008584485408794,0.21226225437965066,0.7835911052489366,0.9398046816721335,-0.15681627647271773
0.8775428917513324,0.5940274010931691,-0.7602843880771433,-1.7055688002157356,0.014039383574799546,-1.025317582334528
-1.14468466151894,1.0256813592546417,-0.7932293889168726,0.28416991056911933,-1.2029862221097036,-0.3357413142242453
-0.5074631557913296,-0.44900469427540496,-0.006203016059424516,-1.1383761114960098,0.7404655668315545,-0.05021269188313535
-0.9548523796394885,0.0477348737102031,0.9617570307578324,-0.07789872594443469,1.271167467566355,0.8060172376827902
-0.7958076227636715,-1.514032375825132,-0.3759025500680199,-1.2920990218019648,1.482917274319706,-0.3891780978318869
0.47139711548810537,0.08882395296541604,-0.8797125706876552,-0.40449937690871385,-0.027668626743278038,-0.9446749886194195
-0.17507936820518877,-0.4768393386971583,1.5845678267176706,0.920190874562884,-0.4160946506865763,1.7089575485325084
-1.290103564530528,1.023734397324812,-1.4620111988871616,-1.423585876080938,-1.675267889687732,-0.8742509078720199
1.2040505163548147,-1.5228043363563626,-0.6866444295094082,1.53051000050198,-1.722832211213917,-0.28007748508355007
0.610931534736309,1.0801917369752756,-0.42443870650385995,-0.8850889007258386,-0.6831383040412555,-0.5233963331309962
-1.591956662607059,0.9333093321383792,1.017139819142126,-1.6834703403206477,-0.8215599987857192,1.3297514676140028
-0.22646528104315955,-0.5386661040184793,0.06558355375429767,-0.8056831853547418,1.141203555948062,-0.1153970156655134
1.0445886700665004,1.6767334644087601,-0.9436941941880108,-1.389977268496916,1.2201428686186724,-1.6315569601783904
0.4514866245777945,1.218241300659086,-0.08938438388605319,1.7429123224747614,0.9207043591381658,-0.4864287646808835
-0.3460887004539434,1.154461035496332,-0.4743487993209439,1.2839297257161157,1.5867753663395845,-0.8397314293890973
-0.6189532490017661,-1.6482983105586388,0.24480609135748738,1.7701058827208185,-0.7183287716662671,0.7737591422962361
0.1020971250695156,-1.6525486470210946,0.7070877501202076,-0.5023672332012009,0.2446274451910663,0.766437507083175
-1.4562249743199458,-0.9485169827823666,-0.13242486285594746,0.9099644921666474,-1.4402648519707246,0.6575776638970793
0.51676574584607,1.1431652299579793,-1.0092639299256223,1.4248892172977634,-0.908853874595914,-0.9420874857403965
0.48634242062318983,-0.9669841652638439,-0.44980618026315766,0.6757257335611202,-0.767851218017302,-0.21594160043654465
0.5197932792006207,0.8603021995841253,1.6328658859552858,0.22000002764188203,1.241351901483485,1.0443952096085505
1.5502284406045945,0.603476195913485,0.7467345055031644,-1.0130854463955852,0.3465911059872199,0.19252351538042392
0.08211850369054687,1.1557586135147397,1.6483437375326497,0.5285888951139629,-1.1783321348469158,1.6887003865750057
-0.887635334131844,0.6227422756051415,-0.588034694226822,0.0420897679431443,-1.011690095982515,-0.20148278141428333
1.0430269509816656,1.3254242992984335,0.8287903104814425,0.1007505484963732,0.7243014078080912,0.23780571889611837
1.3699287952967543,-0.1997087086344241,-0.4373948763110931,-0.23412196673049046,0.24344525045884174,-0.7436898640441642
-1.24239299165819,1.3185263100186961,1.0482944949650985,-0.5113300991841272,-0.9047129629578151,1.2928323058116769
1.1103480730842767,-0.5060335300800978,-0.19270449419637994,-1.4038611021819225,-1.216670336880958,-0.11674985684583684
-0.6976760313733428,-1.6224082078720905,-0.07009517282324436,1.436719524711941,-0.5184577463848713,0.4347929713576243
0.6242032888154954,-0.18770569361391656,-1.6227303434570328,-0.9022539510559876,-0.5537225834643038,-1.5368562860081612
-0.27350040280152615,0.969077816532058,1.3348392555353843,0.4118947913381729,-0.30114187534860265,1.283851662411693
-0.2658945246439813,-1.484436972758189,-1.1549474576767873,1.4232573470353087,0.1645284257923924,-0.8541800020948875
-1.0561154206237338,-1.2964598635597562,0.17242778513803242,0.2701356152879069,0.03610683152093644,0.5386819140019251
1.65805736708045,-0.43565910864155644,1.6464239730497738,-1.0257569420881492,-0.811996876736538,1.407494053690141
-0.43366692673768914,-0.09050262768597865,-1.0842083748758542,0.10851895766100705,0.5963398756665218,-1.0536016726435107
1.1592160656493269,0.8945786308623532,1.0463605262552278,0.37950421913102383,0.9462495232349405,0.4249783141250979
1.6425912157679579,0.7924562488683531,1.5889064561983093,1.0083167714113483,1.735213040126721,0.6799304559395121
0.6467514402264641,1.0924743709019618,-0.006899764296243633,-0.21089807505748065,-0.8434560171394293,-0.08239815670055076
-1.6552016940496028,-0.4599611622803362,1.306314566407659,1.6103439879295485,-0.6916790882501914,1.8441967328602604
0.35898806886763485,-0.8482309113180128,1.1585480546923053,-0.40389267351821134,-1.2929848920212181,1.4027940705368092
0.35574408355545767,-1.5297362010441449,0.6544159856293401,-0.9115168800988014,1.2821852534613063,0.39548785380638446
0.3093647322498657,1.4417919163436874,0.890108580518403,1.548386484701687,-1.584747011563952,1.0166475888544353
-0.8387492364690077,1.1395038136575733,-0.5741092076807863,-1.6124636532475496,-0.70532883094743,-0.3784993159169674
-0.7168777790683689,-0.2933132429900284,-1.5504456507130593,0.552233092380314,1.29578118615461,-1.558280519185026
-1.2520712990169558,-0.828543213071903,0.5651582234982312,-0.9214494454825156,-1.6774771572585632,1.25904669287383
-1.0563041837828135,0.6798908014157601,0.10331145791376095,0.4571999331912871,0.5141834062259866,0.13642390306877042
0.6228919184839086,-1.193013668917876,-1.2406126655636172,1.5572261329001558,0.16114224648022762,-1.1536325356245
-1.2610593981397495,0.11119562007849733,1.1985397155584123,-1.086134593899562,1.2976619856235834,1.0514106494351485
-0.7290470705260262,-0.9578964333366093,0.8928286820103568,1.364076574336292,0.2556476636129608,1.0885958635778186
-0.7137260919380013,0.29424886767791514,1.0187444134786676,0.728397582614036,0.040435213460566735,1.0887833538339795
0.2224185032332777,-1.5038165622681294,0.907514265105164,-0.4769958672183077,0.29437407209574545,0.9013361579128096
0.8688264919048423,-0.06429231028370996,-0.18838854027483093,-0.7069407638758235,-0.856397367069716,-0.17648641031146403
-0.5645951766038709,-1.4540158528972802,1.1254956959228357,-1.1353065352907057,-1.5785812391923384,1.6844832625225492
0.3286854537054044,0.7889792339059915,1.647815876977045,-1.477725455718079,1.602201697274249,0.9744480082475631
1.5385473978688822,1.479402917225344,-1.1586843039140324,-0.7747314167220382,1.148260739479605,-1.8815838345476814
-1.5862137996934182,-0.7172515943749143,0.3053899318141326,0.23281432470578686,-0.45908167467439603,0.8229204816699744
0.7308482741880031,0.5930992537441384,-0.45899991402977114,0.9371187777749024,1.424296002570675,-0.9611864005445274
1.4254384268353408,0.8672416636556305,1.0626072885123319,-0.3072114465453606,-0.35684123209597957,0.6696127890316423
0.8240346802750901,-0.9171132408633411,-1.6480663022853366,-0.8008719186451276,1.4880918228354096,-1.9892619821350082
0.28842151235145713,0.633959908272813,-0.3593462170588119,-0.41162122031277865,-0.9574554110630434,-0.2636494621898595
0.1095467963416828,-1.0507571157239501,-1.7029005589489834,-1.4800633686872173,-0.6899289556085021,-1.3867506627551056
-1.5015278930132812,-0.2551652750963482,1.6301587355049298,0.6569844822565349,-1.4677028933153013,2.245126857069618
-0.36014374504049285,-0.08729840178583367,1.4016547152328322,-1.309535743449287,-1.5072167665196834,1.719277732541164
-1.2003242172988928,0.008234461009616407,-1.503158495850737,-1.496673575096339,1.4682434520563779,-1.5456124343500002
0.5443784535724253,0.49381527931604047,1.3007626347805215,-1.16700915880247,0.08897570180293407,0.9968037888482688
0.008111718813920024,1.4516022788802698,-1.2501652063261681,-1.128068642560656,-1.5156566723448028,-1.029862303265095
1.4625678416646382,1.5394861131667188,-1.1879458825886249,-0.544704078349137,-1.3071785785419665,-1.322847081104419
0.09788479328428161,1.5779920332653201,0.9266591279250334,0.3047246586299902,1.5372922581576138,0.31872497613964323
0.11689978799222757,-1.1285587254079112,1.5421996389723405,-0.40830700126441044,-1.4827975434081369,1.8925150965024427
-0.673529444879136,-0.737405671869785,0.03427560602092393,0.6923670570298316,1.5572054162604747,-0.07957607955041104
-1.390851879853114,-1.651911294245458,-1.3481799499882898,0.04455247120394839,-1.0390457318235844,-0.537321692293067
0.48648469431492336,-1.2948314157675405,0.4079555361833606,-1.6359984583432412,-1.426915714036916,0.7163885505987242
-0.2971790596718323,-1.0100283030780524,1.5582257140570868,0.46665016429620243,0.2458791514275016,1.6056664561682887
-1.118528733054609,0.3704997235431643,-0.06308722234254882,0.3661226731374173,-1.1382241179080028,0.410469939554011
1.4120160924515754,-1.1621480516002747,-1.4824478832137742,-1.3810460868494383,0.08531295387738015,-1.6207130030413512
-0.5262221781788791,-0.6683969923354472,-1.2971364034931112,-0.6035541233071305,0.5896779880203524,-1.18583773865558
-1.4262755441622696,1.0300806796557576,-1.279574878874439,1.6432742005025163,-0.2641249972673522,-0.9130519528496082
-1.6631475056898624,-1.3204558265235937,-0.9421748402499065,-0.4463663635166947,-0.7155938900014942,-0.22515288893302493
1.2198849458785193,0.9519095249132377,-0.7837498168046884,1.438951106774853,-0.3161316468846315,-0.994332458140691
-0.8252449983226384,-1.140658008840833,-0.6389866854797935,-0.19546882547696917,0.5920438935993294,-0.43564885424974487
0.34131547173787063,-0.28515949453780065,-0.7128904822470596,0.8193967305028512,1.4067928809865207,-1.0137998670940849
1.0842043336890166,-0.1822595471536135,0.6402094328477864,0.6162904464095678,-1.569905995652201,0.7760403687721544
1.5769573316843202,0.11944662666471866,-0.8791793021843582,1.0697068619863286,1.086025064136012,-1.3992103031201748
1.4522429814770594,1.088987838384398,0.2800653437317204,-1.1529735815857378,0.26110536136368656,-0.2672225972911797
-1.3139376311521422,-0.1672024018633756,0.6968853641211037,-0.929143168081503,0.5902516878679871,0.7917141150695484
-0.9496599141891874,-0.925021457174156,0.704511000736803,1.1594577516908178,-0.721689180873673,1.1754955116290613
1.276911085385194,0.9564583999509602,-1.6357699092635982,0.8596597321332267,0.691566617932895,-2.060417884628078
-1.6475133779316085,0.9018857684272371,1.4307386894252299,1.2136829205569186,-0.05446835371280587,1.6406392547399853
1.6280469664619213,-1.4726015742667495,0.36527028831502684,-0.7421868100430278,-1.1787349122110788,0.4221464913808034
-1.1655798525666705,-0.6561017026185415,-0.23952778042413816,1.5407226507293332,1.1630880082293864,-0.12600924081948267
1.5738257546356476,0.345454348871854,1.1859860432295124,1.246788162487227,0.3164739792063374,0.7039940337960205
1.3611627755149565,1.5230405105325973,1.5609917792548738,0.4687998798441353,-1.3853716711394106,1.3373473956235686
-1.2981863746800502,-1.6320507664943653,0.26868891816013724,1.5761241233817875,1.2987839798541132,0.4647453204474669
1.6128359998721382,0.71498756944535,-1.3059028990888462,-0.5792405363692534,-1.4441854642060539,-1.338520652072914
0.7636812019622787,0.488383463074787,1.5904478066644792,1.631613024511119,-0.5329770841429586,1.4492601733599568
-1.3439525452317174,-1.6311418530245856,-0.287262156395131,0.5718873416250992,-0.9689745489295496,0.4485050724114914
1.39072405710761,-1.0922766111239108,-0.7570102621285641,1.1962960593211698,-0.6841681374390474,-0.6875639644077591
-0.47833279693773045,1.0806497329908065,-0.342590600029706,-0.11155600753317725,-0.9175277453573366,-0.1374686425257304
0.43012775840667117,-0.27914984451888786,0.5719464232451631,0.7893318355109384,-0.491869236220331,0.6169620013309964
-0.893880046305227,0.6201721266705152,-1.5781765823793301,1.154567885675606,-1.721538371112842,-0.9352284944908356
1.5879654372990426,0.9230792873141829,-1.6099451203560324,-0.21453311957989477,-0.3424470439256725,-1.8893589545755543
-0.9518005633224258,-1.6010973517992166,-1.2499976850057126,-0.4798967462208302,-1.0488493667980203,-0.5572488272680642
0.7045336051381607,0.46760248916848124,-1.2766946962177805,0.5982594567868403,-1.1056464449120265,-1.133068051958861
-1.100449012909693,-1.079119027896872,0.4376569935207464,-1.2193340453819579,-1.030722830001825,0.9771196934152362
-1.071323206874374,-1.2879701384309894,0.3396167030916243,0.23385033090745608,-1.5537583579283996,1.0667205591623323
1.448618715408701,-1.6004398682132208,0.5156752861432974,0.15813575696195553,-0.05821793944238219,0.3827834233956822
-0.5804163119325451,1.1132471060066096,0.4534366375908312,1.5252019713412965,-0.8853709691165927,0.6702070040836761
-1.6341657009657409,-0.46174683019319324,-0.3784393544829823,0.14387173459014282,1.610038636243337,-0.3241767910798456
-0.7469792709959617,0.3533985578800789,0.17313720979753475,0.9153025757520146,-0.531852199520014,0.43087938526624014
0.35390066603634246,-1.298791040964223,1.564024134264474,-0.01085991420869094,0.6405279900267064,1.4007477635840326
-1.4914655985716692,0.40283779014435966,-1.6981697497288049,1.1535730875333479,1.3747194865614167,-1.6148986153789588
0.3221252569545095,-0.6246717070175857,-0.136751048513149,0.3241384052620123,-0.9906917173628375,0.11535468184072424
-0.5343059386427538,-1.0988623253899197,-0.22285017197001764,1.1943188157522542,1.6855073628769042,-0.32430231670414944
0.6660289126837096,-0.4342557620884898,-1.0392470132498663,1.4213249958121317,0.007443839167305377,-1.0302936530691997
-0.12951427933429585,0.32482900451374674,0.5508172458417034,1.1106515201550196,0.8559211088734189,0.3416769441031469
-0.41130633296770575,1.1565592797583344,1.697015072770374,0.719600459938756,-0.13926168380351106,1.603669769936825
-0.3356693255739233,0.5496867765978709,-0.9294134783088829,0.29304585568351443,-0.8299323641464796,-0.6669613546362481
-1.1442258911939187,0.12059802298726237,-0.08973289678738776,-0.24862284093576906,0.5186854643280168,0.01733666415043673
-1.2119714874178469,0.936531594688826,-1.5564022579718586,-1.5135403468162112,1.3452812812111543,-1.6739622370482927
0.2786252474151869,1.4235533832631013,-1.301204212510533,1.5323055729271042,-1.2378539128597617,-1.1196300006865427
-0.8507250018395779,0.6887830171322314,0.5595974135268076,1.0439039968366326,0.7203707864307439,0.49046797779438384
-0.8166597078377709,-0.1559349881536266,1.6479838374979678,-1.6747705825013717,0.21434052040601373,1.6459857134554208
-0.03122165905711496,0.14556801500272282,0.9311150400386295,-0.7853386819230653,1.7045389472661325,0.44776672405617995
1.7216551222359646,0.5498356798712337,1.265153078288485,1.091112910146024,-0.035939960239683724,0.8004883953146703
-0.7957557663762332,1.6045297205080793,1.1464421921791215,-1.2742928821208566,-0.8557453755595263,1.2231279484447566
0.42178880283763814,1.0476800857897626,-1.5143011608451666,-0.5416383086376847,-1.1152194368291617,-1.3954455445675036
-1.5241184595450872,-0.09293704716502721,0.5113700596060261,-1.4485669135987147,1.3807265598911524,0.4543276339182076
0.12823861983187124,-0.6162916901087316,0.10663624504964701,1.2145441167386388,0.6108621197454895,0.03863854136441158
0.7322932103272675,-0.5259346231866516,1.005441788285148,-0.642270325882721,0.7885544227035401,0.6507943006003195
-1.5538372297561942,0.849272115730843,-0.9691050311530944,-0.4739329780804152,-1.2142482649944317,-0.41295462581838555
0.18252706738730068,-0.8464625123771314,-1.2234346114481771,-0.2765100306955634,-1.587724663608798,-0.7311400252226959
1.2359278227604567,-1.3344202720240823,0.5741066778138585,0.40252986189476353,-0.540000502027809,0.570973630619293
-1.201278067689366,-0.7179345192385111,0.1988183373728691,-0.2011837264794156,-0.8845600556412713,0.7269031839605857
1.6178287892807386,1.0624451032588345,0.6878940220803602,-1.6833175893134333,1.3291692359136347,-0.17879625797149654
-1.272088216648767,0.5200185207104141,-0.3463578062249535,0.5527015348248284,0.1900574082503155,-0.14433417758411812
-0.4194420818349367,1.09161532263426,0.5119693727120139,-0.16223583679259018,0.07100936105990992,0.4224352746457405
1.0549583884641773,-0.907303369809012,0.8301695796435629,1.2326033585165743,-0.32317533674901694,0.7743535161908989
-0.36685353619780914,1.4590143044698252,0.661516815425307,1.3202014062135954,0.889039445126996,0.3619899862354832
1.3937376385485687,0.25733525175958455,1.3932845001415028,1.4786772005586513,1.3212359858274307,0.7212063511363658
1.0727183429098326,-0.6226027214639699,0.2746475200923709,1.3578350600847067,0.22244787077437225,0.09085946753659371
0.8431337467454773,0.9164250735832655,1.6346129741693516,1.6740184187074552,0.17625201447965805,1.260237262940552
0.28487611490286413,-1.540626809285172,-1.6344987835924722,-0.45381528524771,0.5152823680595505,-1.5525145619183418
0.44479429259425,-0.4580324286777636,-1.029786418124329,0.4067522569941351,0.7006322505274871,-1.1619608657174085
-0.19317326386286368,0.7538314228796951,-0.5081576183302055,-1.1660657293264516,1.1589616698068317,-0.8288813084916694
1.1335981599501646,-0.38535672144278754,0.6099725506853257,-1.3053854074509585,-0.5181133317200459,0.4607237103481769
1.0443108634907328,-0.5737739835219873,-1.3374484840761642,-0.421870120148268,1.1670271226871793,-1.6982580004447563
1.6995669700134455,0.029660357956325104,1.3002187155014335,0.03806791227256187,0.38444554465315905,0.7709468593777378
-0.2494785322919662,0.7409944560732569,-1.1708728859481599,1.099073151123356,-0.7749449665166968,-0.9245457590568565
-0.8665662267318608,-0.0344257388258087,0.6037524021564055,-1.5906050497298423,1.167222742681956,0.439918571005051
-0.7517755244937121,-1.0050067049694962,1.528422494946868,-1.0777035885185697,-1.2622214466520365,1.9794115806344343
-1.3095088209404595,-0.537221014357553,-0.366350067064853,-0.1983343315117344,-1.6264651701954704,0.3689269613154524
-1.3555665912584327,1.1894374525011728,0.6542796657020998,-0.7883468619278164,-1.5451931534163568,1.1017248348645623
0.5044703039541547,-1.1641521012413483,0.5313565020265426,-1.658762651418018,0.39031991440391345,0.390607811217161
-1.4861858621950903,-0.9975975890450164,-0.0464941626650741,0.7220660040646572,-0.273093486217778,0.47401964778901945
-0.45989005346331063,0.16554452470240058,-0.8425962837187815,0.4543409310921129,-0.7457117178434052,-0.5286162608233599
0.7600318944885261,0.6391676349415385,0.7719208868391436,-0.9107053316068429,0.5011705868751831,0.3474191123438753
-0.700515725464551,1.6098850253129142,-0.36921632106426516,-0.1229388509148853,-1.2596362690939908,-0.09807813889564342
1.3898866395754412,1.536188241479986,0.009641203421107393,-0.8479784015266002,0.10941280032076676,-0.5169462616748264
1.312786126125991,-0.5958538233457777,-0.6406785222302988,-0.429495406490045,-0.8566243335458062,-0.6266544019782269
0.41643829600773896,0.6519672285395911,1.5867228072663595,-0.7145784385617466,-0.2888420857687192,1.3757611704204755
0.144979954897901,1.5710140595587372,0.06502047341624233,0.4228749011242397,-0.8516252494916149,0.056426132194832015
-0.9984575396189836,-0.9361937825242449,0.05844560715428631,0.41778946664474176,0.6362041793616798,0.24169786445981425
-0.2735480205082597,-0.3793105716430164,1.2211302424169037,0.8139548591246921,1.6437128056370347,0.894553107094888
1.0928567030768315,0.6436178595809355,-1.3705384563567924,-0.8280283691566546,0.5395121587673338,-1.7483855348628814
0.9769849500583356,0.9225676986021433,1.2541427932532574,1.1325315688347326,0.4581216377570811,0.7914655357765727
0.7216400261363156,-1.6334665468604601,-0.38868374712564985,-0.35322495701705187,-0.7447835986379715,-0.16560956769743382
-0.6024172580133581,1.2901100071933687,-1.1855997654260295,1.4813320998964536,0.18851131785315847,-1.1403358879371022
